"","FoxB_C3-1-77","FoxB_C2-FOF","FoxB_C3-3-33","FoxB_C3-4-25","FoxB_C2-6-9","FoxB_C2-21-1","FoxB_C3-14-2","FoxB_C3-ot1","FoxB_C3-ot2","FoxB_C3-ot3","FoxB_C3-ot4","FoxB_C2-ot5","FoxB_C3-ot6","FoxB_C2-ot7","FoxB_C2-ot8","FoxB_C3-ot9","FoxB_C3-ot10","FoxB_C2-ot11","Fsol3_2-40","Fsol3_5-17","Fsol3_10-2","Fsol3_9-2","Fsol3_ot1","Fsol3_8-3","Fsol3_ot2","Fsol3_ot3","Fsol3_18-1","Finc_12-2","Finc_13-2","Finc_22-1","Finc_ot1","FfujAs_","FsamD_","Ftri_"
"brsw1BR1_ef",1928,0,740,326,78,17,139,9,9,16,11,0,0,0,0,3,9,0,2079,3374,155,14,155,72,70,72,12,207,252,91,0,0,0,0
"brsw1BR2_ef",4099,8,1472,760,287,41,152,22,41,40,25,6,8,0,0,8,16,10,1283,1942,61,10,80,35,25,27,4,325,269,191,34,0,0,0
"brsw1BR3_ef",1866,0,524,489,57,44,21,9,14,14,12,2,5,0,0,5,2,2,1721,738,155,14,35,10,16,12,12,359,62,25,0,0,0,0
"brsw1BR4_ef",2463,0,839,761,46,19,40,14,27,17,17,2,3,0,0,6,2,2,2310,1087,134,0,81,26,40,24,9,83,76,73,8,0,0,0
"brsw1BR5_ef",483,0,183,74,125,23,71,5,2,5,3,0,2,0,0,0,0,0,1296,1626,100,0,83,56,37,31,0,31,37,0,0,0,0,0
"brsw1BR6_ef",3580,20,651,337,235,60,71,20,19,17,20,8,6,0,0,8,16,6,925,1332,21,0,49,49,20,23,6,276,101,139,37,0,0,0
"brsw1SW1_ef",45,220,27,42,0,0,6,0,0,0,0,0,0,0,0,0,0,0,49,15,0,0,0,0,0,0,0,0,0,0,0,0,0,5
"brsw1SW2_ef",50,48,30,59,8,0,0,0,0,0,5,0,0,0,0,0,0,0,19,12,0,0,0,0,0,0,6,0,8,0,0,0,0,0
"brsw1SW3_ef",35,400,87,173,49,0,30,0,0,0,0,0,0,3,0,0,0,0,29,38,20,0,0,0,0,0,0,0,0,0,0,0,0,0
"brsw1SW4_ef",313,133,33,145,33,16,0,2,2,2,0,2,2,0,0,0,3,0,226,102,23,0,2,0,0,0,4,1,11,0,14,0,0,0
"brsw1SW5_ef",198,41,106,58,44,27,0,6,0,0,0,0,2,2,0,0,0,0,135,121,7,0,2,5,0,0,0,11,69,0,0,0,0,0
"brsw1SW6_ef",0,41,0,0,0,0,0,0,0,0,0,0,0,0,0,0,0,0,0,0,0,0,0,0,0,0,0,6,25,0,0,0,0,0
"brsw2BR1_ef",490,0,214,412,41,3,0,2,5,2,3,0,0,0,0,2,2,0,582,782,153,25,19,17,8,2,2,5,57,18,0,0,0,0
"brsw2BR2_ef",785,0,413,638,212,20,0,8,3,7,5,2,0,0,0,5,3,0,618,1279,78,0,37,52,26,13,2,0,0,0,0,0,0,0
"brsw2BR3_ef",500,0,526,182,74,23,33,3,2,3,8,0,2,0,0,2,0,0,493,283,65,0,7,0,4,2,9,64,0,0,0,0,0,0
"brsw2BR4_ef",4708,78,1051,1527,1594,0,35,35,54,37,29,43,21,2,5,46,8,49,1997,2081,81,167,111,77,60,41,0,247,689,497,134,0,0,7
"brsw2BR5_ef",4075,19,1145,987,227,0,142,50,44,32,16,11,3,0,18,8,10,6,2243,4722,192,19,209,167,107,75,6,383,993,265,0,0,0,0
"brsw2BR6_ef",26,188,0,24,43,0,0,0,0,0,3,0,0,2,19,0,0,0,129,75,9,0,0,0,0,0,9,0,0,0,0,0,0,0
"brsw2SW1_ef",158,330,64,118,37,0,0,0,0,0,0,0,0,6,0,0,2,0,112,110,30,0,0,0,0,0,0,44,0,0,0,9,14,0
"brsw2SW2_ef",805,984,135,272,140,29,0,21,0,14,7,2,5,15,17,2,3,0,503,148,133,20,0,0,0,0,0,120,0,0,0,96,0,0
"brsw2SW3_ef",230,0,126,114,60,0,33,3,0,2,2,0,0,0,0,2,2,0,62,56,10,12,0,0,0,0,0,31,0,0,0,521,0,0
"brsw2SW4_ef",7,11,0,0,0,0,0,0,0,0,0,0,0,0,0,0,0,0,6,0,0,0,0,0,0,0,0,1,0,0,0,0,0,6
"brsw2SW5_ef",36,30,20,0,0,0,0,0,0,0,0,0,0,0,0,0,0,0,0,0,0,0,0,0,0,0,0,0,0,0,0,0,0,0
"brsw2SW6_ef",402,280,142,117,0,40,0,3,2,3,3,0,2,3,0,0,2,0,735,321,17,15,11,0,0,4,66,0,0,0,0,0,0,0
"brsw3BR1_ef",1340,0,453,826,182,0,1218,8,5,8,13,0,2,0,0,0,7,2,1202,652,176,40,15,50,15,13,0,116,72,79,53,0,0,0
"brsw3BR2_ef",3014,0,1386,583,455,41,85,16,20,21,8,11,10,0,0,7,5,15,2199,1851,237,30,155,84,58,62,49,402,308,202,43,0,0,0
"brsw3BR3_ef",2999,16,1295,1060,225,95,119,23,25,17,17,9,8,0,0,11,5,11,2590,2651,255,65,185,36,93,74,23,177,125,356,55,0,0,0
"brsw3BR4_ef",2169,6,498,1089,388,21,43,6,27,16,17,5,5,0,0,19,10,14,864,2415,133,6,101,44,22,28,18,70,66,0,41,0,0,0
"brsw3BR5_ef",6150,0,2277,1053,948,67,71,54,55,65,21,35,33,0,0,59,13,40,2318,4530,329,0,198,87,95,85,40,1801,1449,525,148,0,21,0
"brsw3BR6_ef",3689,111,1159,2011,333,138,182,21,53,21,18,11,8,2,0,20,5,17,1937,2594,269,26,161,96,74,68,6,1305,630,212,139,0,37,0
"brsw3SW1_ef",334,45,89,138,16,10,45,5,3,2,3,2,3,0,3,0,2,0,301,143,45,0,12,2,2,4,2,20,17,7,0,0,9,16
"brsw3SW2_ef",415,199,74,181,27,16,6,0,5,2,0,5,3,2,2,0,3,0,197,109,11,20,0,9,2,2,0,19,0,7,0,0,0,20
"brsw3SW3_ef",626,217,142,40,84,0,0,8,0,11,5,3,0,0,0,2,0,0,284,182,0,0,2,0,2,0,17,0,0,0,0,0,0,0
"brsw3SW4_ef",54,185,29,0,0,0,63,0,0,0,0,0,0,2,2,0,0,0,28,58,14,0,0,0,0,0,0,0,0,0,0,0,0,0
"brsw3SW5_ef",357,1255,72,273,122,8,6,3,0,3,0,6,3,8,14,2,0,2,530,303,88,35,14,19,7,0,9,0,0,6,0,55,0,7
"brsw3SW6_ef",199,342,87,30,0,14,121,0,0,0,0,0,14,3,3,0,2,0,148,94,22,0,0,0,0,2,0,0,0,0,0,0,0,0
"plnt1BB1_ef",58,239,46,22,27,0,0,0,0,0,0,0,0,3,0,2,0,0,40,16,0,0,0,0,0,0,0,0,0,0,0,0,0,0
"plnt1BB2_ef",81,87,40,40,20,35,0,0,0,2,2,0,0,0,0,0,0,0,127,36,18,0,0,0,0,0,0,24,16,3,0,0,0,0
"plnt1BB3_ef",340,22,162,54,45,0,0,3,0,3,2,0,0,0,0,0,2,0,43,29,0,0,0,0,0,0,0,72,32,31,0,0,0,15
"plnt1BB4_ef",352,11,64,27,30,0,11,0,0,0,0,0,0,0,0,0,2,0,60,34,9,0,0,2,2,0,0,37,30,0,0,0,0,0
"plnt1BB5_ef",291,113,47,55,0,13,0,2,0,0,2,0,0,0,0,0,0,0,54,10,10,0,0,0,0,0,0,52,0,25,0,0,0,0
"plnt1BB6_ef",474,69,209,101,63,3,11,5,0,3,2,0,2,0,0,0,0,0,186,76,23,5,0,0,0,0,0,58,24,17,0,14,0,0
"plnt1BR1_ef",2069,385,1252,937,66,20,226,22,20,7,3,5,0,2,5,3,7,0,164,58,13,0,0,0,0,0,0,108,194,34,15,0,200,0
"plnt1BR2_ef",2560,180,398,315,170,0,275,15,11,8,16,0,5,0,2,0,10,0,47,16,0,0,0,0,0,0,0,101,428,357,0,0,0,0
"plnt1BR3_ef",2318,299,671,364,520,52,0,13,11,24,2,2,0,2,6,6,3,2,216,74,7,0,0,0,0,0,2,405,123,44,41,0,0,0
"plnt1BR4_ef",2759,118,583,286,29,0,33,16,14,9,16,0,0,0,2,0,3,0,72,12,6,0,0,0,0,0,0,101,169,191,0,0,0,0
"plnt1BR5_ef",153,40,6,0,0,28,27,3,2,0,3,0,0,0,0,0,2,0,26,31,0,0,0,0,0,0,0,24,1,0,0,0,0,0
"plnt1BR6_ef",10068,1936,2586,2439,518,52,132,68,85,62,35,87,67,13,73,17,37,25,177,99,17,19,0,0,0,0,0,477,394,255,108,0,85,0
"plnt1LE1_ef",266,29,150,63,0,82,35,0,2,2,0,0,0,0,0,0,0,0,111,22,31,31,0,0,0,0,0,41,64,96,0,0,0,0
"plnt1LE2_ef",98,0,0,0,0,0,0,0,0,0,0,0,0,0,0,0,0,0,74,29,0,0,0,0,0,0,0,5,35,0,0,0,0,0
"plnt1LE31_ef",35,0,80,0,0,0,0,0,0,0,0,0,2,0,0,0,0,0,27,0,0,0,0,0,0,0,0,0,0,0,0,0,0,0
"plnt1LE4_ef",94,92,62,18,44,0,0,0,0,0,0,0,0,0,0,0,0,0,56,56,0,0,0,0,0,0,0,1,5,45,0,0,0,0
"plnt1LE5_ef",0,0,29,0,0,0,0,0,0,0,0,0,0,0,0,0,0,0,12,0,0,0,0,0,0,0,0,0,0,0,0,0,0,0
"plnt1LE6_ef",232,28,176,83,126,16,28,0,1,1,0,0,0,1,0,1,1,0,252,196,0,0,0,17,0,0,2,21,64,14,0,0,0,0
"plnt1RB1_ef",15,0,0,0,0,0,0,0,0,0,0,0,0,0,0,0,0,0,0,0,14,0,0,0,0,0,0,1,21,5,0,0,0,0
"plnt1RB3_ef",35,13,90,8,0,10,30,0,1,0,0,0,0,0,0,0,0,0,17,15,21,0,0,0,0,0,0,0,22,0,0,0,0,0
"plnt1RB4_ef",6,15,0,0,7,0,0,0,0,0,0,0,0,0,0,0,0,0,2,0,5,0,0,0,0,0,0,0,5,0,0,0,0,0
"plnt1RB5_ef",24,17,3,13,4,10,0,1,0,1,0,0,0,0,0,0,0,0,96,32,32,0,0,0,0,0,21,0,0,0,0,0,0,0
"plnt1RB6_ef",3,228,18,12,0,0,0,0,0,0,0,0,0,1,1,0,0,0,25,32,0,0,0,0,0,0,0,0,0,0,0,0,0,34
"plnt1SW1_ef",662,6912,5,17,0,0,0,5,0,0,3,25,32,43,33,0,2,0,32,0,8,0,0,0,0,0,0,0,0,0,0,0,0,206
"plnt1SW2_ef",114,25745,35,23,0,0,50,2,0,0,0,8,3,194,8,0,0,0,5,0,0,0,0,0,0,0,0,0,0,0,0,0,0,218
"plnt1SW3_ef",105,34592,9,0,0,0,0,2,0,3,2,6,11,252,22,0,0,0,17,0,0,0,0,0,0,0,0,1,25,0,0,0,0,208
"plnt1SW4_ef",64,285,14,0,0,0,0,0,2,0,0,0,0,0,0,0,0,0,10,6,0,0,0,0,0,0,0,0,0,0,0,246,0,37
"plnt1SW5_ef",26,20965,0,56,0,2,182,0,0,0,0,3,3,121,3,0,0,0,98,83,0,0,0,0,0,0,0,0,0,0,0,15,0,0
"plnt1SW6_ef",361,4505,211,20,19,0,41,5,2,2,0,11,11,41,19,0,2,0,15,4,0,0,0,0,0,0,0,18,4,12,0,0,0,29
"plnt1VT1_ef",705,368,150,37,0,0,20,11,2,0,2,0,3,3,0,0,2,0,29,2,15,0,0,0,0,0,2,42,89,26,21,0,15,52
"plnt1VT2_ef",47,6,11,11,0,0,0,0,0,0,0,0,0,0,0,0,0,0,8,0,0,8,0,0,0,0,0,0,0,0,0,0,0,69
"plnt1VT3_ef",53,0,0,0,0,0,0,0,0,0,0,0,0,0,0,0,0,0,0,0,0,0,0,0,0,0,0,0,0,0,0,0,0,5
"plnt1VT4_ef",33,0,0,0,6,0,0,0,0,0,0,0,0,0,0,0,0,0,7,0,0,0,0,0,0,0,0,0,0,0,0,26,0,612
"plnt1VT5_ef",216,54,11,29,0,0,0,0,0,0,3,0,0,0,0,0,0,0,10,0,0,0,0,0,0,0,0,0,0,0,0,0,0,178
"plnt1VT6_ef",137,857,0,59,12,0,23,0,0,0,2,0,2,5,0,0,0,0,23,0,52,0,0,0,0,0,0,4,23,0,0,7,0,149
"plnt2BB1_ef",149,34,42,57,6,0,3,0,0,2,0,0,2,0,0,2,0,0,112,31,15,2,0,0,0,0,0,7,10,0,0,0,0,0
"plnt2BB2_ef",578,768,1067,283,80,2,3,5,2,0,0,5,7,10,15,3,5,0,605,400,115,0,14,2,5,12,30,264,68,37,17,0,0,0
"plnt2BB3_ef",77,15,15,0,0,2,2,3,0,0,0,0,0,0,0,0,0,0,47,20,0,0,0,2,0,0,0,2,17,4,0,0,0,0
"plnt2BB4_ef",646,217,277,206,314,16,16,11,11,16,5,8,16,2,6,6,2,11,228,109,21,0,2,14,2,0,0,22,24,1,37,0,2,0
"plnt2BB5_ef",332,212,161,114,182,24,5,2,2,3,2,6,5,0,3,2,2,3,239,183,53,0,0,0,0,0,3,47,14,41,29,4,2,16
"plnt2BB6_ef",959,820,263,214,126,47,27,5,7,7,3,13,22,2,34,3,0,2,2826,237,141,354,50,29,29,26,153,83,50,62,8,0,0,6
"plnt2BR1_ef",737,487,760,93,21,52,13,6,2,5,2,6,5,0,19,0,2,0,176,45,14,4,0,2,0,0,0,33,33,51,11,0,0,0
"plnt2BR2_ef",3678,552,1338,1571,494,47,176,36,73,42,13,44,28,0,33,38,13,29,305,204,79,26,2,4,0,2,2,742,197,350,113,0,12,0
"plnt2BR3_ef",428,96,143,138,26,14,0,0,3,0,0,3,2,0,3,0,2,2,103,31,8,0,0,10,0,0,0,17,31,38,19,0,0,0
"plnt2BR4_ef",3820,311,1363,1415,128,29,157,48,58,26,11,16,8,5,30,5,8,5,151,105,6,14,0,0,0,0,0,133,62,27,42,0,0,0
"plnt2BR5_ef",6388,968,2355,1411,162,254,211,22,94,33,33,68,78,2,75,17,18,17,329,71,53,9,0,0,0,0,9,176,172,128,29,0,14,0
"plnt2BR6_ef",171,22,11,44,47,0,0,2,6,0,2,0,0,0,0,0,2,2,37,20,0,10,0,0,0,0,0,6,0,0,0,0,0,0
"plnt2LE1_ef",196,5,49,8,66,8,0,2,0,0,0,0,2,0,0,2,0,2,120,19,2,8,0,0,0,0,0,25,0,0,0,0,0,0
"plnt2LE2_ef",72,5,15,0,1,0,17,0,0,0,0,0,0,0,0,0,1,0,48,0,0,0,0,0,0,0,0,9,1,0,0,0,0,0
"plnt2LE3_ef",40,8,9,4,1,8,7,0,0,0,1,0,0,0,0,0,0,0,47,11,0,0,0,0,0,0,0,16,1,12,0,0,0,0
"plnt2LE4_ef",155,0,46,9,6,0,4,0,0,1,1,0,0,0,0,0,0,0,41,0,0,7,0,0,0,0,0,0,0,18,0,0,0,0
"plnt2LE5_ef",1623,480,7885,895,649,25,0,11,21,17,13,10,17,3,32,60,16,54,138,50,20,0,0,0,0,0,3,83,103,0,10,0,0,0
"plnt2LE6_ef",582,23,206,98,125,0,47,5,2,0,5,2,0,0,2,0,3,0,70,18,0,4,0,0,0,0,0,9,5,35,5,0,0,0
"plnt2RB1_ef",22,180,11,19,3,9,0,0,0,0,0,0,0,0,0,0,0,0,62,36,26,36,0,0,0,0,0,11,8,0,0,0,0,0
"plnt2RB3_ef",2,25,0,4,0,0,0,0,0,0,0,0,0,0,0,0,0,0,80,0,0,0,0,0,0,0,0,1,0,0,0,0,0,2
"plnt2RB4_ef",44,18,2,33,10,5,0,0,0,0,0,0,0,0,0,0,0,0,21,11,4,0,0,0,0,0,0,11,13,1,0,0,0,9
"plnt2RB5_ef",114,64,39,354,49,0,75,0,0,0,0,0,0,0,0,0,0,0,24,36,0,0,0,0,0,0,0,26,0,22,0,0,0,20
"plnt2RB6_ef",17,0,0,5,0,0,0,5,0,0,0,0,0,0,0,0,0,0,31,0,12,0,0,0,0,0,0,0,0,0,0,0,0,0
"plnt2SW1_ef",42,9833,22,11,5,8,0,2,0,0,0,5,5,67,9,0,0,0,25,3,3,3,0,0,0,0,0,0,0,0,0,0,0,1
"plnt2SW2_ef",189,1905,78,154,27,71,0,2,2,0,2,3,10,12,27,0,3,0,16,7,0,0,0,0,0,0,0,11,33,0,0,145,91,38
"plnt2SW3_ef",241,10624,64,119,37,2,58,0,2,0,0,29,29,74,61,0,0,0,23,44,4,0,0,0,0,0,0,63,8,13,11,13,3,41
"plnt2SW4_ef",67,376,10,0,0,0,0,0,0,0,0,0,2,6,2,0,0,0,3,6,0,0,0,0,0,0,0,0,0,0,0,9,0,23
"plnt2SW5_ef",165,803,22,12,18,5,18,0,0,0,3,2,2,8,5,0,0,0,18,0,0,0,0,0,0,0,0,0,0,0,0,0,0,10
"plnt2SW6_ef",19,1,0,3,0,0,0,0,0,0,0,0,0,0,0,0,0,0,0,0,17,0,0,0,0,0,0,0,1,0,0,0,0,96
"plnt2VT1_ef",11,0,0,0,0,0,0,0,0,0,0,0,0,0,0,0,0,0,0,0,0,0,0,0,0,0,0,0,0,0,0,0,0,32
"plnt2VT2_ef",11,3,0,1,0,0,1,0,0,0,0,0,0,0,0,0,0,0,0,0,0,0,0,0,0,0,0,0,1,0,0,0,0,63
"plnt2VT3_ef",41,4,0,1,0,0,3,0,0,0,0,0,0,0,0,0,0,0,0,10,0,0,0,0,0,0,0,0,0,0,0,0,0,48
"plnt2VT4_ef",23,39,5,2,0,0,0,2,0,0,0,0,0,2,0,0,0,0,40,0,0,0,0,0,0,0,0,8,0,7,0,0,0,6
"plnt2VT5_ef",251,42,18,81,9,0,0,0,2,0,0,0,3,0,0,0,2,0,54,18,0,0,0,0,0,0,0,2,0,15,0,0,0,14
"plnt2VT6_ef",210,41,30,14,8,2,20,5,2,0,2,0,0,0,0,0,0,0,65,0,12,0,0,0,0,0,2,0,0,0,0,0,0,8
"plnt3BB1_ef",132,14,39,32,14,3,0,2,2,0,0,0,0,0,0,0,0,0,79,22,9,0,0,0,0,0,0,22,11,9,19,0,0,4
"plnt3BB2_ef",643,606,257,167,35,0,13,7,7,5,2,5,13,2,15,0,2,0,254,195,5,5,5,0,0,0,0,11,35,29,4,0,0,0
"plnt3BB3_ef",77,46,26,13,7,3,0,0,0,0,0,0,0,0,0,0,0,0,34,32,0,0,0,0,0,0,0,29,25,10,0,0,0,0
"plnt3BB4_ef",312,66,36,32,33,11,2,6,0,2,0,2,0,0,3,0,0,0,231,43,29,0,0,0,0,0,2,34,61,0,0,0,0,0
"plnt3BB5_ef",153,18,40,58,34,0,0,0,0,0,0,0,0,0,0,0,0,2,21,9,0,0,0,0,0,0,2,0,6,0,5,0,0,0
"plnt3BB6_ef",87,250,5,280,186,0,8,0,2,2,0,0,2,2,5,3,0,3,0,41,0,6,0,0,0,0,0,5,17,7,0,0,0,0
"plnt3BR1_ef",6151,2881,1610,2296,327,1978,1408,55,98,41,23,152,132,16,120,9,9,18,465,134,56,96,0,0,0,0,0,293,185,317,15,0,0,0
"plnt3BR2_ef",3326,1294,846,580,325,59,53,23,23,18,11,40,31,2,23,10,8,5,138,47,10,10,0,0,0,0,0,150,116,31,0,0,0,0
"plnt3BR3_ef",5054,1046,1988,1264,205,148,223,34,39,28,18,32,32,10,50,5,13,2,282,141,29,12,0,8,0,0,55,449,340,647,23,0,0,20
"plnt3BR4_ef",5062,878,2891,1911,1070,439,27,48,56,47,29,55,56,6,56,66,16,36,328,110,8,0,0,4,0,0,6,305,324,90,55,0,0,0
"plnt3BR5_ef",3335,677,1099,629,538,7,81,36,18,26,3,45,23,3,20,17,13,17,118,34,20,0,2,0,0,0,0,182,51,103,24,0,0,0
"plnt3BR6_ef",1286,482,316,788,78,141,26,6,17,8,8,9,6,3,12,2,5,2,92,12,8,0,0,4,0,0,0,67,37,33,0,231,0,0
"plnt3LE1_ef",189,59,16,59,0,0,18,2,0,0,0,0,0,0,0,0,0,0,40,0,9,0,0,0,0,0,0,39,19,0,0,0,0,0
"plnt3LE2_ef",37,6,10,5,19,3,0,0,0,0,0,0,0,0,0,0,0,0,54,0,0,0,0,0,0,0,0,1,8,17,0,0,0,0
"plnt3LE4_ef",0,0,0,4,0,0,0,0,0,0,0,0,0,0,0,0,0,0,5,2,0,0,0,0,0,0,0,1,1,3,0,0,0,0
"plnt3LE6_ef",556,146,290,361,59,11,119,5,3,5,3,0,0,3,2,0,0,0,100,26,6,0,0,0,0,0,0,141,27,23,0,0,0,0
"plnt3RB1_ef",55,134,17,27,0,0,5,0,0,0,0,0,0,0,0,0,2,0,84,0,6,0,0,0,0,0,0,10,12,23,0,0,0,0
"plnt3RB2_ef",73,4,22,20,4,6,4,2,0,0,0,0,0,0,0,0,0,0,35,9,12,0,0,0,0,0,0,3,36,3,0,0,2,0
"plnt3RB3_ef",7,31,0,3,5,0,0,0,0,0,0,0,0,1,0,0,0,0,21,0,0,0,0,0,0,0,0,3,8,0,1,0,0,0
"plnt3RB4_ef",14,40,16,0,43,0,0,0,0,0,0,0,0,0,2,0,0,0,85,5,0,0,0,0,0,0,0,2,0,7,0,0,0,0
"plnt3RB6_ef",204,6,22,9,20,0,0,0,0,2,0,0,0,0,0,0,0,0,5,0,11,0,0,0,0,0,0,4,8,0,0,0,0,0
"plnt3SW1_ef",996,4866,18,135,0,16,207,5,3,2,0,36,39,41,44,0,5,0,36,0,6,0,0,0,0,0,0,0,0,0,0,0,0,35
"plnt3SW2_ef",126,1853,8,66,9,0,0,0,2,2,2,2,2,12,5,0,0,0,14,0,0,0,0,0,0,0,0,1,19,0,8,135,0,9
"plnt3SW3_ef",3,57,2,0,0,0,2,0,0,0,2,0,0,0,0,0,0,0,0,0,0,0,0,0,0,0,0,0,0,0,0,0,0,0
"plnt3SW4_ef",170,5491,3,3,8,0,21,3,2,0,0,45,41,36,50,0,2,0,4,0,0,0,0,0,0,0,0,0,1,0,0,0,0,38
"plnt3SW5_ef",137,27254,20,25,0,2,2,0,0,2,0,29,36,178,37,0,0,0,48,8,6,0,0,0,0,0,0,18,0,0,0,0,0,0
"plnt3SW6_ef",463,18360,14,53,0,0,0,5,2,0,3,51,85,132,80,0,2,0,8,3,0,18,0,0,0,0,0,0,2,0,0,0,0,0
"plnt3VT1_ef",243,8,51,19,139,217,15,0,2,0,0,2,0,0,0,0,0,0,77,40,0,0,0,10,0,0,0,18,6,15,0,0,15,111
"plnt3VT2_ef",10,0,0,0,0,0,0,0,0,0,0,0,0,0,0,0,0,0,3,0,0,0,0,0,0,0,0,0,0,0,0,13,0,34
"plnt3VT3_ef",44,6,2,0,2,0,0,2,0,0,0,0,0,0,0,0,0,0,5,0,0,0,0,0,0,0,0,6,3,0,0,41,0,8
"plnt3VT4_ef",112,517,28,3,6,2,11,2,0,0,0,2,5,6,2,0,0,0,28,0,0,0,0,0,0,0,2,6,10,1,0,0,0,11
"plnt3VT5_ef",14,0,2,0,0,0,0,0,0,0,0,0,0,0,0,0,0,0,0,0,0,0,0,0,0,0,0,0,0,0,0,0,0,68
"plnt3VT6_ef",614,498,22,192,59,0,0,5,8,5,0,5,11,3,13,0,0,0,9,2,0,0,0,4,0,0,0,0,0,29,0,4,7,36
"soil1BB1_ef",1203,44,416,579,206,50,17,5,20,9,5,5,3,2,0,0,3,6,1090,761,104,41,15,41,4,15,0,16,0,0,0,0,0,0
"soil1BB2_ef",542,11,188,242,136,12,25,0,6,6,2,2,0,2,0,3,2,6,674,709,81,12,29,21,12,19,4,20,21,0,3,0,1,0
"soil1BB3_ef",1324,65,317,524,200,15,78,16,16,16,5,3,2,0,0,3,3,8,734,557,149,53,11,15,0,11,13,77,15,0,0,0,0,0
"soil1BB4_ef",1318,62,556,648,132,48,31,8,22,8,5,6,2,2,0,2,0,14,976,978,153,99,35,23,17,31,10,53,60,9,31,0,0,0
"soil1BB5_ef",581,23,149,248,155,43,22,8,0,2,3,2,2,0,0,3,0,2,867,749,221,4,30,16,14,12,2,3,34,13,0,0,0,0
"soil1BB6_ef",551,33,185,252,85,45,25,2,0,2,3,0,0,0,2,2,3,0,450,210,60,9,2,36,9,2,9,33,11,0,0,0,0,0
"soil1BR1_ef",1119,8,618,247,125,70,42,6,2,2,2,2,2,0,0,5,6,0,705,2743,100,15,70,34,19,19,2,275,502,33,0,0,16,0
"soil1BR2_ef",1731,48,885,499,232,40,24,16,11,6,3,2,5,0,0,2,2,6,1287,3835,123,21,172,94,47,72,4,198,361,181,120,0,34,0
"soil1BR3_ef",1090,13,394,202,118,50,17,8,3,8,5,2,0,0,0,0,5,2,591,1369,85,0,29,48,17,21,4,287,9,46,71,0,0,0
"soil1BR4_ef",299,0,121,74,20,2,3,0,2,5,2,2,0,0,0,2,0,0,107,332,8,0,2,17,2,0,0,6,23,13,0,0,0,0
"soil1BR5_ef",470,0,122,171,81,0,0,2,3,2,0,0,0,0,0,0,3,0,381,1704,51,0,42,19,21,19,2,48,53,42,0,0,47,0
"soil1BR6_ef",1476,58,489,362,48,17,20,20,2,9,8,2,0,0,2,2,2,0,632,1493,6,37,26,15,11,11,2,32,104,73,18,0,0,0
"soil1FW1_ef",190,49,27,129,21,27,0,0,2,0,0,2,0,0,0,0,0,0,167,63,8,6,2,0,0,0,0,34,17,0,0,0,0,0
"soil1FW2_ef",257,61,99,131,6,0,0,3,1,0,1,0,0,0,0,0,0,0,15,70,22,0,2,0,0,0,0,30,38,52,9,0,6,0
"soil1FW3_ef",142,27,3,46,33,0,0,0,0,3,2,0,0,2,0,0,0,0,115,96,33,6,0,15,0,0,0,0,0,0,18,0,17,0
"soil1FW4_ef",177,17,105,147,55,17,0,2,0,2,5,0,2,0,0,2,0,2,262,121,19,0,2,0,0,0,0,48,1,19,0,0,0,0
"soil1FW5_ef",340,9,171,252,44,105,19,3,2,0,2,0,2,0,0,0,2,0,127,205,35,0,0,19,0,0,0,26,28,0,0,0,0,22
"soil1FW6_ef",610,59,209,177,22,116,0,3,3,3,5,5,2,0,0,0,3,0,140,138,11,0,2,18,0,0,0,4,28,0,0,0,0,0
"soil1LE1_ef",290,3,215,205,47,21,20,2,0,0,0,0,0,0,0,0,0,0,149,141,6,4,2,15,2,0,0,57,21,12,0,0,4,0
"soil1LE2_ef",182,8,76,110,33,5,6,3,2,2,2,0,2,0,2,0,0,0,74,24,5,2,5,2,0,0,0,22,16,4,4,0,2,0
"soil1LE3_ef",1314,54,638,638,135,69,41,8,3,3,9,3,0,2,2,2,6,5,932,434,61,20,9,0,9,2,2,527,787,109,71,0,4,0
"soil1LE4_ef",970,54,1010,317,625,66,67,6,14,11,3,11,6,0,0,19,11,13,550,270,29,27,4,0,7,0,4,77,84,12,0,0,19,0
"soil1LE5_ef",699,73,387,263,48,0,6,8,6,5,3,2,2,2,0,3,8,0,299,282,24,13,2,9,2,0,0,94,65,22,0,0,0,0
"soil1LE6_ef",417,43,175,202,66,17,11,5,6,5,2,0,2,0,0,0,2,0,167,102,10,0,2,0,0,0,2,65,31,0,0,0,0,0
"soil1RB1_ef",1189,94,379,704,288,125,43,5,8,5,3,10,2,0,0,2,2,3,1581,764,169,38,50,45,11,16,14,207,100,48,120,0,0,0
"soil1RB2_ef",1348,80,363,499,170,16,62,10,11,8,2,3,5,0,2,2,0,3,584,535,89,46,21,11,6,6,15,143,79,57,85,0,57,0
"soil1RB3_ef",705,41,212,218,191,0,0,3,9,8,6,8,2,0,0,2,2,0,801,328,120,29,12,2,10,4,6,79,7,71,43,0,26,0
"soil1RB4_ef",1137,36,310,582,268,7,12,7,10,0,5,2,5,0,0,9,9,3,1480,1412,340,30,64,0,11,18,5,90,14,60,17,0,0,0
"soil1RB5_ef",662,44,119,129,103,6,18,5,0,6,3,0,2,0,2,0,0,0,624,239,77,0,9,0,0,0,0,47,17,0,0,0,0,0
"soil1RB6_ef",401,0,174,82,79,0,6,0,0,3,3,4,1,0,0,1,1,0,454,187,63,37,2,20,4,6,2,55,0,0,0,0,0,0
"soil1SW1_ef",975,36,267,308,162,52,16,5,8,13,5,5,2,0,0,6,0,5,541,163,53,7,7,9,4,9,9,17,20,0,0,0,0,0
"soil1SW2_ef",1463,62,450,578,194,22,82,14,14,5,6,0,2,0,2,9,0,5,934,410,97,67,17,6,6,4,6,54,56,54,3,0,8,0
"soil1SW3_ef",1465,105,446,607,171,48,41,6,21,10,14,6,2,0,0,5,10,6,1057,522,176,44,20,44,13,11,11,98,38,88,43,0,0,11
"soil1SW4_ef",712,0,332,368,127,31,0,5,6,0,3,2,2,0,0,3,0,0,672,323,124,0,17,4,2,4,15,20,0,0,0,0,18,0
"soil1SW5_ef",2303,139,726,772,277,32,40,17,35,8,5,7,3,0,8,12,3,5,1206,536,204,57,16,16,9,14,5,108,79,9,52,0,0,0
"soil1SW6_ef",1164,133,435,398,176,167,58,16,11,10,6,6,6,0,5,3,8,6,747,498,136,0,25,2,6,6,15,173,84,51,8,0,0,0
"soil1VT1_ef",1798,56,476,550,232,33,5,17,14,8,6,9,2,0,0,8,6,6,3442,1195,244,45,121,12,40,50,14,129,82,26,9,0,9,0
"soil1VT2_ef",1541,35,377,489,351,46,35,10,3,13,5,13,5,0,2,19,0,10,820,334,84,32,17,6,6,4,2,26,71,45,50,0,0,0
"soil1VT3_ef",1379,11,433,502,235,43,25,21,13,9,9,2,2,0,0,8,6,2,1190,544,163,27,16,0,11,11,14,65,75,17,17,0,5,0
"soil1VT4_ef",1608,62,497,739,142,93,68,8,6,6,3,8,3,0,3,2,5,2,1356,1184,160,29,47,31,16,31,35,137,147,55,78,0,48,0
"soil1VT5_ef",2154,71,561,1100,168,67,34,14,30,8,8,5,8,0,2,5,6,8,1368,947,156,41,59,26,22,22,17,108,94,71,13,0,16,0
"soil1VT6_ef",1536,55,395,509,129,74,24,14,18,13,3,0,2,0,3,3,8,0,716,1025,145,37,31,46,10,12,0,111,198,67,91,0,37,0
"soil2BB1_ef",842,72,201,297,185,3,0,13,2,5,6,3,3,0,3,6,2,0,1270,665,118,41,19,17,10,2,0,89,43,43,16,0,12,0
"soil2BB2_ef",1164,57,376,366,50,39,110,9,9,8,19,2,0,0,0,0,3,0,1480,1012,71,29,29,29,10,15,2,0,12,0,0,0,0,0
"soil2BB3_ef",1109,50,283,258,124,14,41,9,6,2,3,2,2,0,2,0,5,0,744,505,142,53,11,4,11,17,0,32,36,19,4,14,0,0
"soil2BB4_ef",2039,195,569,623,190,36,50,18,8,6,6,2,3,0,3,6,8,2,1688,1453,120,110,42,14,10,18,14,62,63,42,26,0,27,0
"soil2BB5_ef",1789,100,453,992,436,49,40,11,6,6,8,2,3,0,3,3,3,5,2222,1438,282,93,63,83,26,20,28,142,110,49,16,0,0,0
"soil2BB6_ef",1916,83,1727,1006,240,62,43,17,15,8,8,0,2,6,0,3,6,5,1888,1820,277,37,33,96,27,23,12,57,48,0,0,0,0,0
"soil2BR1_ef",1221,9,439,656,72,0,0,12,6,3,2,0,0,0,0,2,2,2,1280,2921,211,17,54,25,21,14,17,10,75,30,0,0,0,0
"soil2BR2_ef",39,2,20,21,20,0,0,2,0,0,0,0,0,0,0,0,0,0,33,167,2,4,2,2,2,0,2,4,3,0,0,0,0,0
"soil2BR3_ef",1041,0,418,386,174,49,23,9,3,6,3,3,2,0,0,0,0,2,818,1271,171,60,28,30,16,14,8,64,56,38,44,0,0,0
"soil2BR4_ef",2334,42,966,678,369,68,45,19,5,14,6,5,0,2,0,5,5,5,1425,5447,212,23,97,212,42,34,38,162,94,42,47,0,0,0
"soil2BR5_ef",1490,69,658,612,71,93,24,17,6,6,6,3,0,0,0,0,2,0,951,2805,136,23,42,119,13,15,0,234,100,20,31,0,0,0
"soil2BR6_ef",1149,33,363,214,190,32,0,6,2,8,8,0,2,0,0,2,5,2,609,3667,79,25,20,92,18,16,27,60,56,135,25,0,0,0
"soil2FW1_ef",218,21,99,69,49,0,0,1,0,1,1,0,0,0,0,0,0,0,91,74,21,0,0,0,0,0,0,40,0,0,0,0,0,0
"soil2FW2_ef",162,0,67,45,98,0,20,3,0,0,2,0,0,0,0,0,0,0,119,117,22,0,0,10,0,2,0,36,4,0,0,0,0,0
"soil2FW3_ef",113,0,65,46,0,8,0,0,0,0,0,0,0,0,0,0,2,0,62,64,11,0,0,0,2,0,0,0,0,14,0,0,0,0
"soil2FW4_ef",438,0,133,130,0,56,29,8,2,2,0,0,0,0,0,0,0,0,112,118,29,0,0,0,0,0,0,2,19,0,0,0,0,0
"soil2FW5_ef",434,27,220,31,111,0,0,4,1,1,0,1,0,0,0,0,1,1,284,390,37,0,2,16,0,0,4,26,0,0,0,0,20,0
"soil2FW6_ef",918,17,110,141,29,0,0,11,0,0,3,0,0,2,0,0,2,0,286,232,52,0,4,17,0,2,0,30,56,0,37,0,0,0
"soil2LE1_ef",1256,58,792,514,346,286,99,10,10,6,6,0,2,0,0,6,2,10,529,257,81,32,0,7,2,2,0,17,38,24,19,0,0,0
"soil2LE2_ef",508,77,237,64,140,106,18,5,0,2,2,0,2,0,0,0,2,0,375,67,0,0,0,8,0,2,0,38,47,0,0,0,0,0
"soil2LE3_ef",513,68,357,182,134,0,18,2,3,2,2,2,3,0,0,0,2,0,264,78,41,0,0,0,0,0,0,68,23,17,17,0,0,0
"soil2LE4_ef",4463,73,2437,1801,867,150,345,28,34,23,8,9,6,0,5,22,9,14,952,421,69,13,0,0,2,2,32,364,125,223,54,0,90,0
"soil2LE5_ef",1211,78,251,712,181,20,0,22,17,2,3,2,3,2,0,0,3,3,311,321,0,0,0,0,0,2,2,92,182,16,0,0,0,0
"soil2LE6_ef",1257,96,609,638,107,94,35,16,5,6,8,2,2,0,2,0,2,0,710,431,58,30,0,6,4,0,23,48,33,0,0,0,0,0
"soil2RB1_ef",1107,14,916,566,269,29,22,13,5,6,5,0,2,2,0,5,2,0,1331,957,142,408,16,34,11,9,9,59,54,0,0,0,19,0
"soil2RB2_ef",1577,3,590,416,272,28,62,17,8,6,9,3,2,0,0,3,9,3,3212,2054,972,104,111,37,52,43,24,87,91,61,30,0,24,0
"soil2RB3_ef",699,23,301,267,154,23,0,8,0,2,3,2,0,0,2,3,3,5,1056,479,230,36,15,0,2,4,8,24,67,54,17,0,0,0
"soil2RB4_ef",1346,471,491,706,424,68,79,12,9,15,6,9,5,5,5,5,3,3,1367,2170,210,56,65,11,30,21,0,77,86,51,0,0,12,0
"soil2RB5_ef",2496,29,784,887,551,79,59,17,18,14,11,5,9,0,0,11,8,3,2673,1182,345,108,55,31,24,11,24,371,98,74,117,0,22,0
"soil2RB6_ef",1050,71,129,436,236,55,0,9,6,6,3,3,0,0,0,5,2,0,1073,525,105,21,6,0,6,4,16,23,19,0,0,0,0,0
"soil2SW1_ef",2652,192,516,1002,667,333,20,17,12,18,17,14,9,5,3,9,8,9,1913,1138,202,104,35,31,13,10,54,69,93,125,21,0,0,0
"soil2SW2_ef",880,163,232,379,117,13,43,3,4,3,7,1,1,1,0,1,3,0,820,384,56,58,2,25,0,2,19,51,14,41,8,0,22,0
"soil2SW3_ef",254,12,71,112,54,7,7,4,1,3,3,1,0,0,0,1,0,1,131,96,0,15,0,4,0,0,0,26,0,5,0,0,3,0
"soil2SW4_ef",1808,240,803,781,530,150,115,13,11,10,13,13,13,0,3,14,2,10,1065,632,181,65,20,20,2,9,17,159,81,0,69,0,23,0
"soil2SW5_ef",1848,408,514,673,296,82,13,14,13,5,13,8,8,2,5,3,11,0,1729,813,150,15,30,7,7,11,7,178,26,52,38,0,33,0
"soil2SW6_ef",1823,383,653,1015,504,184,71,16,13,19,6,3,5,2,2,15,5,3,1179,593,155,18,16,16,4,9,38,132,50,0,35,0,0,22
"soil2VT1_ef",911,76,214,232,175,10,16,4,9,6,3,0,0,0,1,1,1,3,903,466,62,17,19,35,4,8,15,77,34,45,45,0,0,0
"soil2VT2_ef",822,42,271,487,139,43,40,6,6,3,5,2,0,0,0,0,5,2,1041,487,60,38,11,4,6,4,15,87,60,58,40,0,37,0
"soil2VT3_ef",1569,73,744,478,377,30,59,14,6,5,6,0,2,0,2,5,2,8,1673,835,235,79,28,53,17,15,2,97,71,55,49,0,0,0
"soil2VT4_ef",2304,113,1074,1297,349,69,75,19,19,14,11,3,6,0,3,10,6,2,2265,1714,268,85,83,68,30,45,17,227,237,94,114,0,77,0
"soil2VT5_ef",2562,251,873,1143,460,36,59,22,16,27,9,5,8,3,0,6,3,8,1951,1150,303,32,32,49,13,9,2,290,292,41,33,0,61,0
"soil2VT6_ef",139,0,38,70,21,6,5,0,0,0,2,0,0,0,0,0,0,0,167,50,18,7,0,0,0,0,0,10,4,9,10,0,0,0
"soil3BB1_ef",4683,409,1925,1712,822,200,298,30,23,31,30,16,19,0,5,13,16,9,6489,3848,731,607,162,73,62,49,102,138,76,136,0,0,0,0
"soil3BB2_ef",2614,38,765,989,247,127,66,14,6,11,9,2,5,0,0,3,9,0,2102,2034,280,89,52,29,27,27,10,124,57,0,0,0,0,0
"soil3BB3_ef",4029,160,1445,1668,661,28,108,33,35,33,20,16,13,2,0,11,9,13,3322,2938,541,247,125,150,35,58,62,73,136,124,25,0,0,0
"soil3BB4_ef",2110,21,701,587,329,27,60,14,6,6,22,2,2,0,0,6,3,3,1982,1842,186,78,52,42,20,24,32,50,1,33,67,0,0,0
"soil3BB5_ef",1035,42,285,532,269,77,16,2,5,8,11,0,0,0,0,3,0,2,1086,707,129,0,9,28,6,4,45,59,28,98,11,0,0,0
"soil3BB6_ef",2725,213,982,1118,421,124,62,24,27,16,11,5,10,0,2,10,3,5,2325,1371,463,184,64,9,9,26,15,56,33,0,18,0,0,18
"soil3BR1_ef",4271,229,1402,1365,569,768,0,50,18,18,26,14,11,3,2,5,11,5,3993,6131,394,137,181,199,46,56,46,409,336,131,0,0,0,0
"soil3BR2_ef",3666,76,1149,1401,718,127,238,22,19,25,26,6,8,0,5,14,2,15,2076,5864,254,23,105,138,36,52,8,258,244,52,0,0,0,0
"soil3BR3_ef",4391,0,1521,1809,579,98,114,32,45,26,11,13,13,0,0,19,10,10,4318,8470,445,94,332,213,168,123,47,423,395,144,137,0,0,0
"soil3BR4_ef",4739,147,2005,2268,1126,338,92,61,31,38,17,14,16,3,2,25,6,17,2759,12718,398,73,235,276,118,105,33,418,402,0,52,0,60,0
"soil3BR5_ef",3958,124,1315,1219,504,82,70,32,25,35,17,13,11,0,0,6,11,6,1863,5838,268,0,176,117,61,90,4,483,319,100,0,0,15,0
"soil3BR6_ef",3316,128,851,1180,565,139,0,20,18,18,15,14,2,0,2,6,12,8,2435,5281,228,94,126,132,52,46,21,177,192,25,0,0,0,0
"soil3FW1_ef",255,51,60,76,66,0,0,1,1,0,3,0,0,1,0,1,0,0,63,73,8,0,0,4,0,0,0,42,23,32,44,0,0,0
"soil3FW2_ef",159,19,61,70,43,0,0,3,1,0,1,0,0,0,0,0,0,0,25,57,15,0,0,0,0,0,0,0,0,16,0,0,0,0
"soil3FW3_ef",683,104,171,261,109,47,60,15,2,3,2,0,2,0,0,0,2,2,325,403,0,20,2,0,2,6,31,45,0,0,0,0,0,0
"soil3FW4_ef",1763,454,450,541,85,44,29,12,5,0,6,0,2,5,0,0,2,0,812,759,89,30,6,24,4,0,2,80,174,110,39,0,48,0
"soil3FW6_ef",1003,136,364,259,23,56,0,3,3,3,6,2,0,0,0,0,0,0,783,289,20,18,2,12,0,2,2,1,42,0,32,0,0,0
"soil3LE1_ef",3353,165,2149,1733,1087,209,48,33,25,22,22,5,10,2,3,21,11,14,2363,1544,268,136,23,2,9,17,4,98,91,0,0,0,0,0
"soil3LE2_ef",2734,118,1236,946,1070,566,60,26,11,14,15,6,8,0,0,11,12,3,1787,1280,256,153,14,31,4,8,45,276,213,244,38,0,0,0
"soil3LE3_ef",1283,91,182,336,589,42,42,16,1,4,4,3,6,1,0,6,3,0,241,184,20,16,0,0,0,0,0,71,307,75,31,0,0,0
"soil3LE4_ef",1755,182,926,961,1404,187,368,16,3,13,3,13,14,0,0,16,8,14,1979,727,196,94,19,27,10,10,70,26,0,0,32,0,67,0
"soil3LE5_ef",1417,102,657,528,0,350,35,12,3,3,5,0,0,0,0,0,3,0,378,485,56,0,12,24,0,0,0,201,350,279,125,0,0,0
"soil3LE6_ef",2450,103,1486,1109,961,0,122,13,24,5,13,11,10,0,2,13,6,11,1740,980,173,127,30,35,2,5,7,228,122,74,30,0,68,0
"soil3RB1_ef",2559,104,1071,1056,302,37,198,8,5,19,20,3,0,0,0,3,5,3,3685,1923,390,31,33,35,12,17,31,260,233,0,0,0,34,0
"soil3RB2_ef",5641,108,2291,3620,414,103,414,30,63,24,25,8,5,0,0,14,22,3,3125,1492,156,93,32,69,13,11,46,270,123,302,109,0,0,0
"soil3RB3_ef",1891,147,980,941,528,48,50,9,6,11,9,6,2,3,2,5,2,5,2128,917,198,0,16,0,2,10,57,82,172,217,0,0,80,0
"soil3RB4_ef",1377,77,739,544,416,0,56,10,5,11,8,0,0,0,0,2,3,3,2081,900,148,86,11,175,9,11,2,158,47,47,44,0,0,0
"soil3RB5_ef",4802,92,2083,1218,662,106,83,30,22,31,44,14,6,0,0,22,17,9,3393,2401,389,107,73,25,27,44,52,318,415,123,88,0,24,0
"soil3RB6_ef",6465,103,2017,2991,1178,226,231,66,70,41,18,16,15,0,0,25,13,21,6981,2935,963,87,194,98,62,58,38,763,529,356,129,0,27,0
"soil3SW1_ef",7840,495,2853,2816,726,726,151,59,62,32,35,32,19,3,13,26,22,13,11534,6484,1336,317,546,173,213,195,126,734,694,117,216,0,60,0
"soil3SW2_ef",1044,108,306,375,192,33,9,6,3,8,0,2,0,0,0,2,2,0,974,483,109,33,8,41,2,4,21,26,34,19,0,0,15,0
"soil3SW3_ef",5022,157,802,1462,565,94,762,39,27,23,23,8,5,0,3,11,13,9,3070,2072,357,83,48,64,14,19,43,396,357,276,134,0,101,0
"soil3SW4_ef",2554,157,672,1112,345,88,100,12,19,11,9,5,6,0,2,5,6,2,3620,1595,305,80,69,23,46,34,2,525,224,116,320,0,27,0
"soil3SW5_ef",2438,349,691,1164,544,101,30,21,16,16,11,11,3,2,10,13,11,6,1444,794,81,25,19,0,15,8,6,235,98,34,30,0,50,0
"soil3SW6_ef",1461,138,762,438,580,90,36,6,6,18,6,3,0,3,0,3,3,5,1147,1639,101,0,26,22,8,6,4,244,143,164,92,0,0,31
"soil3VT1_ef",3723,154,1151,1247,634,50,71,22,14,20,16,13,6,5,0,9,6,8,2645,2819,285,89,77,53,40,40,42,332,650,134,154,0,88,0
"soil3VT2_ef",1148,126,381,430,157,0,28,5,3,5,3,3,2,0,0,5,0,2,737,438,149,0,6,25,4,2,19,140,155,42,19,0,0,0
"soil3VT3_ef",3792,234,1044,1213,911,0,153,33,23,34,19,14,8,0,3,8,6,11,2942,1681,403,61,63,12,20,18,20,202,152,40,0,0,38,37
"soil3VT4_ef",1294,149,439,486,71,54,129,14,5,2,8,0,2,0,0,0,2,3,1401,595,168,57,13,40,9,11,26,97,249,53,20,0,0,0
"soil3VT5_ef",7688,226,1381,1503,581,611,107,45,38,47,28,23,27,2,5,12,20,12,3836,2150,273,50,96,25,30,36,46,218,227,40,0,0,0,0
"soil3VT6_ef",6295,386,1927,2102,1369,107,202,63,45,42,30,24,19,3,8,41,27,13,3636,2646,380,53,63,91,46,27,51,544,355,196,134,0,99,0
