"","soil1BB1_ef","soil1BB2_ef","soil1BB3_ef","soil1BB4_ef","soil1BB5_ef","soil1BB6_ef","soil1BR1_ef","soil1BR2_ef","soil1BR3_ef","soil1BR4_ef","soil1BR5_ef","soil1BR6_ef","soil1FW1_ef","soil1FW2_ef","soil1FW3_ef","soil1FW4_ef","soil1FW5_ef","soil1FW6_ef","soil1LE1_ef","soil1LE2_ef","soil1LE3_ef","soil1LE4_ef","soil1LE5_ef","soil1LE6_ef","soil1RB1_ef","soil1RB2_ef","soil1RB3_ef","soil1RB4_ef","soil1RB5_ef","soil1RB6_ef","soil1SW1_ef","soil1SW2_ef","soil1SW3_ef","soil1SW4_ef","soil1SW5_ef","soil1SW6_ef","soil1VT1_ef","soil1VT2_ef","soil1VT3_ef","soil1VT4_ef","soil1VT5_ef","soil1VT6_ef","soil2BB1_ef","soil2BB2_ef","soil2BB3_ef","soil2BB4_ef","soil2BB5_ef","soil2BB6_ef","soil2BR1_ef","soil2BR2_ef","soil2BR3_ef","soil2BR4_ef","soil2BR5_ef","soil2BR6_ef","soil2FW1_ef","soil2FW2_ef","soil2FW3_ef","soil2FW4_ef","soil2FW5_ef","soil2FW6_ef","soil2LE1_ef","soil2LE2_ef","soil2LE3_ef","soil2LE4_ef","soil2LE5_ef","soil2LE6_ef","soil2RB1_ef","soil2RB2_ef","soil2RB3_ef","soil2RB4_ef","soil2RB5_ef","soil2RB6_ef","soil2SW1_ef","soil2SW2_ef","soil2SW3_ef","soil2SW4_ef","soil2SW5_ef","soil2SW6_ef","soil2VT1_ef","soil2VT2_ef","soil2VT3_ef","soil2VT4_ef","soil2VT5_ef","soil2VT6_ef","soil3BB1_ef","soil3BB2_ef","soil3BB3_ef","soil3BB4_ef","soil3BB5_ef","soil3BB6_ef","soil3BR1_ef","soil3BR2_ef","soil3BR3_ef","soil3BR4_ef","soil3BR5_ef","soil3BR6_ef","soil3FW1_ef","soil3FW2_ef","soil3FW3_ef","soil3FW4_ef","soil3FW6_ef","soil3LE1_ef","soil3LE2_ef","soil3LE3_ef","soil3LE4_ef","soil3LE5_ef","soil3LE6_ef","soil3RB1_ef","soil3RB2_ef","soil3RB3_ef","soil3RB4_ef","soil3RB5_ef","soil3RB6_ef","soil3SW1_ef","soil3SW2_ef","soil3SW3_ef","soil3SW4_ef","soil3SW5_ef","soil3SW6_ef","soil3VT1_ef","soil3VT2_ef","soil3VT3_ef","soil3VT4_ef","soil3VT5_ef","soil3VT6_ef"
"FoxB_C3-1-77",9548.51410178755,12919.7869113723,18861.1989581655,10588.1830481289,6826.94255586035,15841.8199946413,4417.2136885506,3310.09864048703,4437.12840727637,9945.47638075816,4640.75108275967,8798.04731110308,1944.08637521505,1613.96358167746,939.193329835125,751.81665098806,1199.60608400566,1715.1527621181,3145.38865608553,1690.76306663406,3764.53024672656,2304.48496397573,5749.68852443489,8354.17721734234,5779.84780724813,7580.04072103752,6302.95525787776,3660.23299426552,5462.61616585227,6123.24061188644,9177.88342427885,6999.22600100432,7209.14577026659,7945.25073275986,28110.5436084992,13938.0565098968,6340.72957404442,7326.98335221299,9647.83786190937,8171.47185855651,15819.2621094049,15008.3121281928,10269.980350005,10986.0514381065,17493.671374012,10804.3619539622,9084.88569852022,8243.53888844797,8750.20066327841,4490.8394316,13368.5576933122,5886.92478292695,10025.781404837,6789.79419873923,6332.31595413139,7061.6037111174,2619.01836404134,7031.7546090167,1885.57199571322,6898.80487363776,6202.0444963591,1754.16512230118,2176.59396896659,5597.76169506843,5551.42607769499,3600.44472611085,4617.98036627246,7900.19059969728,9990.12165525667,6971.00488451266,8372.20204374852,6116.65969296403,5624.10385670282,8058.45747044438,6113.48973218249,3397.33827261932,14275.4346984712,7416.02164269137,7212.87062497642,7070.9385547396,8407.33821295037,11040.8594299047,19260.2985330495,5456.945045,14224.1909269138,18948.3496735703,13130.7597782531,21676.4297926818,9203.55236917945,11554.0919532805,12150.5712346039,9793.05188810008,17995.1043860196,11230.0925617802,9163.35820054767,20510.0256235768,1484.42810380597,1276.47403435532,1424.74224786156,1552.72874382924,725.172553588696,8491.18271335858,5265.87196280554,7614.26621074564,5220.92673108315,4282.7419166806,9622.41333905623,5329.32139998427,10771.0217052502,12514.0682818982,4237.78940626829,21647.6818360778,17868.6167208845,1521.14269259957,8848.51007853848,11355.6777825743,11553.102018202,14152.8537553069,7239.55301959917,4959.97184084606,8817.2647749529,2736.05951328473,4078.51976081897,9550.0205625672,8668.4671143907
"FoxB_C2-FOF",349.239086017167,262.209697463275,925.965205650118,498.078413493164,270.257622693267,948.784137610094,31.5797225276182,91.7878305854289,52.9198800867824,0,0,345.722726317059,501.369644134409,383.080850125778,178.579013419355,72.2083789084577,31.7542786942675,165.891824532734,32.5385033388158,74.3192556762226,154.706722468215,128.290915520299,600.468186385905,861.461919294294,456.94339266722,449.854048726262,366.55484478438,115.891282140333,363.07418625,0,338.87569566568,296.617916652268,516.696454524227,0,1696.64158123378,1592.57862183528,197.486571827857,166.41428768816,76.9588226838311,315.069188576184,521.433430718546,537.407009798569,878.193094062187,537.976745680473,788.71376798972,1033.27640069771,507.81921176748,357.105285877443,64.4977935868188,230.299458030769,0,105.93437912722,464.281152304532,195.007144089116,609.99373870073,0,0,0,117.305170240223,127.755645808107,286.40014394015,265.887233104706,288.515379902004,91.5609687967724,357.565015739232,274.974298891521,58.4026423918829,15.0288977800202,328.716449314597,2439.33380431312,97.2731807967576,413.602703048044,407.174939851788,1492.64609963913,288.826286559803,450.974106984866,3151.71934901312,1558.05611034054,601.732346320755,361.288831264067,391.163600730005,541.500484192372,1886.93791248846,0,1242.30068099674,275.454203364832,521.449879503722,215.736978979297,373.477487444963,903.127187540825,651.482278792855,203.020170075179,0,348.348513733212,287.078427707911,791.701833479441,296.885620761194,152.53463303617,216.94464681933,399.851871638386,98.3284818425351,417.848239697037,227.276112513187,540.06097052054,541.429438778993,308.28488038209,404.534111805221,216.588286673843,206.217043816171,972.801712024871,236.971520902439,414.741093069378,284.681751314942,96.0415348006103,915.363111572946,355.006254851485,710.194603311554,2025.98275660464,683.818149695198,205.166710580256,967.748572860684,168.839115534975,469.628627791366,280.736816745602,531.537459277968
"FoxB_C3-3-33",3301.89681325322,4481.40210209961,4515.86107986288,4466.63867584192,1750.79938179551,5318.94137751113,2439.53356525851,1692.33812641885,1603.87944263017,4024.75800023992,1204.62049382272,2914.80022705244,276.264905951613,621.721379712329,19.8421126021505,445.992928552239,603.331295191083,587.650700463415,2331.92607261513,706.032928924115,1827.83127656891,2399.51527176855,3183.30394700473,3505.94967154655,1842.35687043485,2041.21274609541,1895.35675839728,997.952707319536,981.950640085227,2656.96724805047,2513.32807618713,2152.87197570194,2194.72970207433,3704.80792594982,8861.59559694764,5208.80977818307,1678.63586053679,1792.51961309818,3029.3791110999,2525.63526971554,4120.05851595922,3859.55943400791,2451.62238759027,3548.75888378698,4464.11992682182,3015.04754870254,2300.42102930669,7430.37143024511,3146.05904273483,2302.99458030769,5367.97033218493,2436.49071992606,4427.49272777365,2145.07858498028,2875.68476816058,2920.53980644979,1506.51498816537,2135.21315753247,955.81990566108,826.654178758338,3910.84334483791,818.380185010588,1514.70574448552,3056.63124599636,1150.62588398137,1744.36820859308,3821.20145935462,2955.68323007064,4301.8978801606,2542.91485757483,2629.73012912614,751.47533370701,1094.28265085168,2124.50242402625,1708.8888621455,1508.8841996202,3970.54839557045,2656.42464765632,1694.35160674528,2331.17317315624,3986.65368415238,5146.6506196691,6562.93544861524,1491.82670294964,5847.01420762525,5545.32804142358,4709.34422426799,7201.50582211844,2534.31152194797,4163.71313692531,3988.55089461827,3069.34441337343,6233.33039652375,4751.28414989857,3044.42042287018,5263.58015852347,349.277200895522,489.716453431915,356.707063520244,396.328947659193,263.173289637373,5442.15677035717,2380.62097513813,1080.12194104108,2754.7453863151,1985.71731775522,5836.28825381125,2230.44283680467,4374.47451280414,6485.34474683247,2274.31109021951,9390.27931373385,5574.7873048761,553.548482396245,2593.52881612335,1813.4714419802,3039.81384347366,4011.32975591348,3775.86543527349,1533.4213238823,2926.28735126921,753.282207771429,1383.67092349268,1715.47585807821,2653.55617624001
"FoxB_C3-4-25",4595.66888190773,5768.61334419205,7464.7041193948,5205.72277328339,2914.0821925187,7245.26068720435,975.023933040212,954.210988794355,822.293521348465,2461.42224808061,1688.4434790466,2157.7866711513,1319.93232843548,822.68182567995,304.245726566308,624.390099973134,889.11980343949,497.675473598203,2223.46439481908,1021.88976554806,1827.83127656891,753.115189258049,2163.33058930812,4046.86762087087,3422.21434508216,2805.96462893006,1948.99893080475,1873.57572793539,1064.46750059659,1252.13399046057,2899.26984069527,2765.2444487905,2986.99759901148,4106.53408659498,9423.07410584514,4765.7615901537,1939.6002590236,2325.04533370029,3512.12081702575,3755.42145738387,8078.54610972396,4973.45759977221,3622.54651300652,3454.37699857988,4069.76304282696,3301.18562889575,5037.5665807334,4328.28816376756,4701.17251032812,2418.14430932308,4957.02523498417,1710.08354876798,4117.97195957063,1264.59178288094,2004.26514144526,1961.5565864215,1066.1490685478,2087.05045473098,134.683713979516,1059.62035640841,2538.09782733167,220.997180762353,772.202928561247,2258.92198360256,3263.9268103376,1827.43336138323,2361.13539955755,2084.00715882946,3815.96921595641,3656.41118013814,2975.21763333531,2539.87012012602,2124.94421735152,3470.63111511184,2695.71200789149,1467.54490647992,5198.79196540645,4129.0520939834,1836.86716245283,4189.23001965716,2561.31782395811,6215.27546900449,8592.70929870243,2748.10182122302,5200.04588231399,7169.05808231101,5436.1149938263,6030.36222194511,4730.71484096954,4740.35772615325,3883.28956573034,3742.51655625429,7413.60597456375,5374.51992616956,2822.16615625761,7298.5012773886,442.417787800995,561.969700659574,544.44762326774,476.47546818583,187.257917626593,4388.67272360585,1822.06103760572,1994.07127576815,2858.86643223414,1595.82761609552,4355.61485429117,2199.20414161133,6912.08980198647,6227.25449670343,1674.18840741463,5490.81142780981,8266.82639012614,546.369620199028,3178.34413740606,3305.85442415842,5030.16814574808,6757.14592747221,2170.37934468476,1661.31745515311,3302.63401849281,875.221568991133,1531.808812796,1867.02405118867,2894.53818498002
"FoxB_C2-6-9",1635.07390271674,3241.86535045503,2849.12370969267,1060.42500937254,1821.30137032419,2443.83793020782,493.433164494034,443.641181162906,480.349680787717,665.249256238004,799.789016390496,286.115359710669,214.872704629032,37.680083618929,218.263238623656,233.615343527363,155.243140283086,61.8579684698331,509.769885641447,306.566929664418,386.766806170537,1484.84855926272,394.828396527718,1322.24387612613,1399.99677753361,955.939853543307,1707.60915497114,862.746211489147,849.923663267045,1206.32421032177,1524.94063049556,928.127029524838,841.477083082312,1417.20062227599,3381.0771079263,2107.47246197752,818.15865471541,1668.89757081555,1644.12030279094,721.610077061583,1233.81431493966,1260.46371389119,2256.46836668756,471.909426035503,1956.01014461451,1006.78213401315,2214.09176330621,1032.59359771791,515.98234869455,2302.99458030769,2234.51396602913,930.709188046291,477.738577009011,1122.76840536158,1423.31872363504,4271.83434376238,0,0,482.254588765363,217.936101672653,1708.52499660848,483.431332917647,568.545013336303,1087.44328694249,829.734203189756,306.481770639507,1122.16505738689,1362.6200653885,2200.97100845426,2195.91832914812,1848.19043513839,1374.79208337096,1414.50877542262,1071.40855004772,1299.71828951911,995.901152924913,2286.54148849971,2050.28793632279,1385.56790271226,1195.69398918346,2020.11886952345,1672.4218494083,3458.13322607447,824.430546366907,2496.75100190543,1790.45232187141,2154.23981469975,3379.87933734232,2392.03438387369,1785.05420636003,1618.7485442495,1918.00634360498,2372.84569335125,2668.30222084079,1166.83489971602,3494.62137434285,384.204920985075,345.209958976596,227.374677916413,74.8621345578475,16.6290814880758,2752.7335548526,2060.89356261958,3495.55946853405,4176.74138486652,0,3774.3425382992,628.939063225967,790.498667961989,3494.14492482403,1280.26172331707,2984.33264795574,3255.87478688352,140.860917707562,1627.3121983519,1277.57028019802,1560.61871428335,3157.97885270179,2874.01831031315,844.647366934302,1205.84544396133,657.318095095566,223.782768947563,721.71721473095,1885.16782837186
"FoxB_C2-21-1",396.862597746781,286.046942687209,213.68427822695,385.609094317288,505.264251122194,1293.79655128649,276.322572116659,76.4898588211908,203.538000333778,66.5249256238004,0,101.332523230862,276.264905951613,0,0,72.2083789084577,370.466584766454,326.160197386393,227.769523371711,46.4495347976391,197.680812042719,156.800007858143,0,340.577968093093,607.637490248963,89.9708097452524,0,22.5344159717314,49.5101163068182,0,489.487115961539,105.251518812095,236.204093496789,345.930860555556,390.593745320006,1999.70398380821,116.376015541416,218.715920961582,300.839034127703,472.603782864276,492.056899410459,723.056704092621,36.5913789192578,368.089352307692,220.839855037122,190.758720128807,248.831413766065,266.753346077126,0,0,629.259680088664,171.512804301214,625.770248758282,189.097836692476,0,0,185.417229312662,899.037118961039,0,0,1412.24898563591,366.026580637647,0,188.138976979669,91.6833373690338,269.245667664614,120.976902097472,140.269712613522,328.716449314597,352.175581089793,264.985561480822,320.39646010764,706.194036305445,119.045394449746,168.482000493218,281.858816865541,633.433790733029,748.517818022607,79.1753087264151,369.890946294164,160.752164683564,330.650738135165,270.636513344958,235.551584676259,607.481995597429,920.596942824569,91.2537289131514,277.376115830525,684.708726982433,525.764184296067,2184.88379961971,339.257389467733,401.621550860833,800.964609808338,189.842186064909,859.738709794081,0,0,98.0422923125816,38.7521637711211,40.4881984057498,529.27443694958,1090.15491256325,249.258909471019,556.303873910285,1057.8402758209,0,77.0554481435787,196.669958454311,317.649538620366,0,477.853868101675,624.641512593951,140.860917707562,279.694284091734,212.551515643564,398.070860454884,586.315926696472,445.968358496868,66.6125683702131,0,0,170.200979199555,758.983163856472,147.343285343893
"FoxB_C3-14-2",134.933283233906,595.931130598352,1111.15824678014,249.039206746582,258.50729127182,718.775861825829,165.793543269996,45.8939152927144,69.2029201134847,99.7873884357006,0,119.214733212779,0,0,0,0,67.036810576787,0,216.923355592105,55.7394417571669,117.462511503645,159.175765552963,49.3535495659648,220.373979354354,209.027296645643,348.636887762853,0,38.6304273801111,148.530348920455,91.6195602776025,150.611420295858,392.301115572354,201.757663195174,0,488.242181650007,694.507970424409,17.6327296274873,166.41428768816,174.906415190525,345.559755212589,249.70051611874,234.504877003012,0,1038.20073727811,646.745289751571,264.942666845566,203.127684706992,185.006352924459,0,0,295.366788613046,113.50112049345,161.48909645375,0,0,871.802927298444,0,465.572793747681,0,0,488.855418104738,62.1554570894118,76.3717182093541,432.719647053239,0,100.251046470867,91.7755809015303,310.597220787084,0,409.14516038373,197.900609207197,0,42.4140562345613,393.765535487623,168.482000493218,216.091759596915,100.422430238163,288.830244997854,126.680493962264,344.084601203873,316.145923877675,359.402976233876,443.543174648682,196.292987230216,905.148173440169,478.42045847576,351.978668665012,616.391368512277,142.277138074272,262.882092148034,0,635.773690498587,467.1924163075,218.01403580582,162.060402738337,0,0,0,125.160373164998,25.541198849148,0,121.555851548229,115.564125006705,249.258909471019,1094.75842566302,105.78402758209,479.156909128514,412.350776552124,790.498667961989,330.884936062881,172.342924292683,374.16859483433,638.461015084968,29.2975186967518,76.2802592977455,1723.02398851485,452.353250516913,174.153245553407,178.387343398747,94.5898470857025,215.055238413485,110.39480631133,406.591228087827,132.915218547696,278.16209008847
"FoxB_C3-ot1",39.6862597746781,0,227.929896775414,64.2681823862146,94.0026513715711,57.5020689460663,23.6847918957137,30.5959435284763,32.5660800534045,0,19.7478769479135,119.214733212779,0,18.8400418094645,0,8.49510340099502,10.5847595647558,8.43517751861361,21.6923355592105,27.8697208785835,22.9195144397355,14.2545461689221,65.8047327546197,100.169990615616,24.3054996099585,56.2317560907828,26.8210862037351,22.5344159717314,41.2584302556818,0,47.0660688424556,66.9782392440605,29.5255116870987,55.7953000896057,207.502927201253,191.58840563432,59.9512807334567,47.5469393394743,146.921388760041,40.6540888485399,102.817859578305,136.79451158509,158.56264198345,84.9436966863905,141.96847823815,95.3793600644036,55.8601132944228,73.1420465050185,85.9970581157583,230.299458030769,115.578308587714,47.9226953194567,114.388109988073,35.4558443798393,29.0473208905109,130.770439094767,0,128.433874137291,17.3785437392924,82.6654178758338,49.3793351620948,17.2654047470588,8.48574646770601,35.1192757028716,100.851671105937,45.8290498152534,54.231025078177,85.163754086781,114.336156283338,62.1486319570223,57.0222094325821,52.4285116539774,36.0519477993771,27.4720141037877,96.2754288532676,24.4277641283469,108.147232564176,65.0885059150093,31.670123490566,51.612690180581,75.0176768523296,91.0487539792485,165.388980377475,0,91.1222993396143,101.483127555464,107.549037647643,143.824652652865,17.784642259284,101.760809863755,142.245039037741,58.7689966007097,131.141730893333,144.552784610381,74.0847555375254,123.703411481163,5.82128668159204,24.0844157425532,31.2900932912495,10.5687719375785,2.16901062887945,83.5696479394074,50.0777875029057,94.9557750365785,47.5981924201313,36.2688094567164,51.0577034317269,16.6606374364494,57.2825121711586,59.5592884913186,30.775522195122,135.241660783493,182.417432881419,11.4473748550222,50.853506198497,88.1862671287129,54.2823900620296,121.907271887385,29.7312238997912,29.3095300828937,38.4027211452652,23.8106444985222,44.1261797924773,55.8989236882835,86.7535231464041
"FoxB_C3-ot2",158.745039098712,143.023471343604,227.929896775414,176.73750156209,0,0,7.89493063190455,21.0347111758275,12.2122800200267,66.5249256238004,29.6218154218702,11.9214733212779,20.4640671075269,6.28001393648817,0,0,7.05650637650389,8.43517751861361,0,18.5798139190556,8.59481791490083,33.2606077274848,49.3535495659648,120.203988738739,38.8887993759336,61.854931699861,80.4632586112054,32.1920228167592,0,0,75.305710147929,66.9782392440605,103.339290904845,66.9543601075269,427.211908943756,131.717028873595,49.3716429569644,14.2640818018423,90.9513358990731,30.4905666364049,220.323984810653,175.878657752259,24.3942526128385,84.9436966863905,94.6456521587664,42.3908266952905,30.4691527060488,64.5370998573693,42.9985290578792,0,38.5261028625712,12.6112356103833,40.3722741134376,11.8186147932798,0,0,0,32.1084685343228,4.34463593482309,0,49.3793351620948,0,12.728619701559,42.6448347820584,77.9308367636787,14.3215780672667,20.8580865685296,40.0770607467205,0,46.6114739677667,60.3764570462633,34.9523411026516,25.4484337407368,36.6293521383835,24.0688572133169,20.6696465701397,100.422430238163,52.8844110559451,71.2577778537736,51.612690180581,32.1504329367127,91.0487539792485,120.282894819982,0,69.8604294937043,43.4927689523418,114.067161141439,61.6391368512277,44.4616056482099,114.480911096724,51.2082140535869,50.7550425187947,184.41805906875,73.4612511954393,57.8787152636917,111.333070333046,5.82128668159204,8.02813858085106,4.17201243883326,4.40365497399103,2.16901062887945,63.3103393480359,21.1867562512293,5.93473593978616,8.92466107877462,9.0672023641791,94.2603755662651,10.4128983977809,120.293275559433,39.7061923275458,15.387761097561,99.1772179078947,193.473034874233,12.0294447629047,25.4267530992485,61.0520310891089,85.9471175982135,92.8817309618173,29.7312238997912,18.6515191436597,23.0416326871591,16.5952976807882,15.7593499258847,47.203535558995,61.9668022474315
"FoxB_C3-ot3",71.4352675944206,143.023471343604,227.929896775414,64.2681823862146,23.5006628428928,57.5020689460663,7.89493063190455,11.4734788231786,32.5660800534045,166.312314059501,19.7478769479135,53.6466299457505,0,0,19.8421126021505,8.49510340099502,0,8.43517751861361,0,18.5798139190556,8.59481791490083,26.1333346430238,41.1279579716373,100.169990615616,24.3054996099585,44.9854048726262,71.5228965432937,0,49.5101163068182,45.8097801388013,122.371778990385,23.9207997300216,49.2091861451644,0,97.6484363300015,119.74275352145,28.2123674039796,61.8110211413166,62.9663094685891,30.4905666364049,58.7530626161742,127.023475043298,60.9856315320963,75.5055081656805,31.5485507195888,31.7931200214679,30.4691527060488,34.4197865905969,21.4992645289396,0,77.0522057251425,35.3114597090734,40.3722741134376,47.2744591731191,29.0473208905109,0,0,32.1084685343228,4.34463593482309,0,29.6276010972569,6.90616189882353,8.48574646770601,28.847976470216,9.16833373690338,17.18589368072,25.0297038822355,30.0577955600404,28.5840390708345,77.6857899462778,46.9594665915382,34.9523411026516,38.1726506111051,27.4720141037877,72.2065716399507,18.7905877910361,38.6240116300627,77.2926007740735,47.5051852358491,25.8063450902905,26.7920274472606,67.0885555636568,202.977385008719,0,94.1597093176015,79.7367430792933,107.549037647643,61.6391368512277,71.1385690371359,67.84053990917,51.2082140535869,66.7829506826247,106.552656350833,90.0492756589256,81.0302013691683,111.333070333046,0,0,6.25801865824989,0,2.16901062887945,55.7130986262716,26.9649625015646,23.7389437591446,38.6735313413567,9.0672023641791,19.6375782429719,39.5690139115674,45.8260097369269,72.7946859338339,33.8530744146341,139.749716142943,113.319920426336,6.20874568407986,67.8046749313294,52.0072857425743,49.7588575568605,92.8817309618173,89.1936716993737,26.6450273480852,38.4027211452652,24.5321791802956,6.3037399703539,58.3833202966517,57.8356820976027
"FoxB_C3-ot4",39.6862597746781,47.6744904478681,71.2280927423168,40.1676139913842,35.2509942643391,86.2531034190994,7.89493063190455,5.73673941158931,20.3538000333778,66.5249256238004,0,47.6858932851115,0,6.28001393648817,13.2280750681004,21.2377585024876,7.05650637650389,14.0586291976893,0,18.5798139190556,25.7844537447025,7.12727308446104,24.6767747829824,40.0679962462462,14.5832997659751,11.2463512181566,53.6421724074703,16.0960114083796,24.7550581534091,45.8097801388013,47.0660688424556,28.7049596760259,68.8928606032302,33.4771800537634,61.0302727062509,71.8456521128699,21.1592755529847,23.7734696697371,62.9663094685891,15.2452833182024,58.7530626161742,29.3131096253765,73.1827578385155,179.325581893491,47.3228260793832,31.7931200214679,40.6255369413984,34.4197865905969,14.3328430192931,0,38.5261028625712,15.13348273246,40.3722741134376,47.2744591731191,29.0473208905109,87.1802927298444,0,0,0,22.5451139661365,29.6276010972569,6.90616189882353,8.48574646770601,10.034078772249,13.7525006053551,22.9145249076267,20.8580865685296,45.0866933400605,42.8760586062518,31.0743159785111,36.8967237504943,17.4761705513258,36.0519477993771,64.1013662421712,72.2065716399507,24.4277641283469,100.422430238163,24.4081897181285,23.7525926179245,43.0105751504842,32.1504329367127,52.7124365143017,67.6591283362396,78.5171948920863,91.1222993396143,65.2391534285127,65.1812349379653,226.010168454502,97.8155324260618,46.6403711875544,73.9674202996255,69.4542687099296,45.0799699945833,40.2852022684667,39.3575263793103,92.777558610872,17.4638600447761,8.02813858085106,4.17201243883326,5.28438596878924,4.3380212577589,55.7130986262716,28.8910312516764,23.7389437591446,8.92466107877462,15.1120039402985,51.0577034317269,41.6515935911236,47.7354268092988,59.5592884913186,24.6204177560976,198.354435815789,49.7502089676598,6.79081559196235,0,52.0072857425743,40.7117925465222,63.8561900362494,29.7312238997912,21.3160218784682,23.0416326871591,13.7091589536946,25.2149598814156,34.7815525171542,41.3112014982877
"FoxB_C2-ot5",39.6862597746781,47.6744904478681,42.7368556453901,48.201136789661,23.5006628428928,0,7.89493063190455,3.82449294105954,8.14152001335114,66.5249256238004,0,11.9214733212779,20.4640671075269,0,0,0,0,14.0586291976893,0,0,8.59481791490083,26.1333346430238,16.4511831886549,0,48.610999219917,16.8695268272348,71.5228965432937,6.43840456335184,0,61.079706851735,47.0660688424556,0,29.5255116870987,22.3181200358423,85.4423817887513,71.8456521128699,31.7389133294771,61.8110211413166,13.992513215242,40.6540888485399,36.7206641351089,0,36.5913789192578,18.8763770414201,31.5485507195888,10.5977066738226,10.1563842353496,0,0,0,38.5261028625712,12.6112356103833,20.1861370567188,0,0,0,0,0,4.34463593482309,0,0,0,8.48574646770601,11.2883386187802,9.16833373690338,5.72863122690668,0,15.0288977800202,28.5840390708345,46.6114739677667,16.7712380684065,17.4761705513258,29.6898393641929,9.15733803459588,24.0688572133169,24.4277641283469,61.7984186081004,12.2040948590642,0,17.2042300601937,0,14.376119049355,37.5884046312442,0,48.5985596477943,14.4975896507806,52.1449879503722,20.5463789504092,0,21.2001687216156,39.8286109305676,16.0279081638299,53.2763281754167,33.1760489269726,30.0969319371197,86.5923880368139,0,0,0,0,1.44600708591963,12.6620678696072,11.5564125006705,17.8042078193585,38.6735313413567,0,43.2026721345381,6.24773903866854,15.2753365789756,39.7061923275458,0,63.1127750322967,44.2224079712532,6.20874568407986,16.9511687328323,18.0894906930693,22.6176625258457,63.8561900362494,14.8656119498956,17.3192677762554,23.0416326871591,10.1014855448276,0,28.5705609962338,33.0489611986301
"FoxB_C3-ot6",23.8117558648069,0,28.4912370969267,16.0670455965537,23.5006628428928,0,7.89493063190455,9.56123235264884,0,0,0,0,0,0,0,8.49510340099502,7.05650637650389,5.62345167907574,0,18.5798139190556,0,14.2545461689221,16.4511831886549,40.0679962462462,9.7221998439834,28.1158780453914,17.8807241358234,16.0960114083796,16.5033721022727,15.2699267129338,18.8264275369822,9.56831989200864,9.84183722903289,22.3181200358423,36.6181636237506,71.8456521128699,7.05309185099491,23.7734696697371,13.992513215242,15.2452833182024,58.7530626161742,19.5420730835843,36.5913789192578,0,31.5485507195888,15.8965600107339,15.2345763530244,8.60494664764923,0,0,25.6840685750475,0,0,11.8186147932798,0,0,0,0,0,0,9.87586703241895,6.90616189882353,12.728619701559,7.52555907918677,13.7525006053551,5.72863122690668,8.34323462741184,10.0192651866801,0,25.8952633154259,30.1882285231317,0,19.0863253055526,9.15733803459588,0,24.4277641283469,61.7984186081004,20.3401580984404,0,0,10.7168109789042,28.75223809871,60.1414474099908,0,57.7107895817557,36.2439741269515,42.3678027096774,20.5463789504092,0,42.4003374432312,31.2939085883031,21.3705442184399,53.2763281754167,37.9154844879687,25.4666347160243,12.3703411481163,0,0,4.17201243883326,1.76146198959641,0,25.3241357392144,15.4085500008941,35.6084156387169,41.6484183676149,0,39.2751564859438,0,9.54708536185977,13.2353974425153,0,27.0483321566986,41.4585074730499,3.68644274992242,0,11.3059316831683,27.1411950310148,17.4153245553407,0,7.99350820442557,15.3610884581061,5.77227745418719,6.3037399703539,33.5393542129701,26.1637609489155
"FoxB_C2-ot7",15.8745039098712,47.6744904478681,0,16.0670455965537,0,0,0,0,0,0,0,0,0,0,13.2280750681004,0,0,0,0,0,5.72987860993389,0,16.4511831886549,0,0,0,0,0,0,0,0,0,0,0,0,0,0,0,0,0,0,0,0,0,0,0,0,25.8148399429477,0,0,0,5.04449424415334,0,0,0,0,0,0,0,15.0300759774243,0,0,0,0,9.16833373690338,0,8.34323462741184,0,0,25.8952633154259,0,0,10.6035140586403,9.15733803459588,0,0,15.4496046520251,8.13606323937616,0,0,0,0,22.5530427787465,0,0,0,6.51812349379653,0,0,0,8.53470234226448,0,0,7.10915334149412,0,0,5.82128668159204,0,0,4.40365497399103,0,5.06482714784288,0,5.93473593978616,0,0,0,0,0,19.8530961637729,0,0,0,0.582069907882487,0,0,0,11.6102163702272,14.8656119498956,6.66125683702131,0,0,0,2.48439660836816,4.13112014982877
"FoxB_C2-ot8",0,0,0,0,0,57.5020689460663,0,0,0,0,0,11.9214733212779,0,0,0,0,0,0,0,18.5798139190556,5.72987860993389,0,0,0,0,11.2463512181566,0,0,16.5033721022727,0,0,9.56831989200864,0,0,97.6484363300015,59.8713767607249,0,9.50938786789485,0,15.2452833182024,14.6882656540436,29.3131096253765,36.5913789192578,0,31.5485507195888,15.8965600107339,15.2345763530244,0,0,0,0,0,0,0,0,0,0,0,0,0,0,0,0,6.27129923265564,0,5.72863122690668,0,0,28.5840390708345,25.8952633154259,0,0,6.36210843518419,0,0,5.63717633731083,38.6240116300627,8.13606323937616,7.91753087264151,0,10.7168109789042,14.376119049355,0,0,15.1870498899357,0,0,0,0,8.48006748864625,5.68980156150965,13.3565901365249,0,4.73943556099608,0,12.3703411481163,0,0,0,0,0,7.59724072176431,0,0,0,0,7.85503129718876,0,0,13.2353974425153,0,0,0,2.52230293415744,0,6.78355900990099,9.04706501033827,58.0510818511358,0,0,0,2.1646040453202,0,6.21099152092039,11.0163203995434
"FoxB_C3-ot9",0,71.5117356718022,42.7368556453901,16.0670455965537,35.2509942643391,57.5020689460663,19.7373265797614,3.82449294105954,0,66.5249256238004,0,11.9214733212779,0,0,0,8.49510340099502,0,0,0,0,5.72987860993389,45.1393962015866,24.6767747829824,0,9.7221998439834,11.2463512181566,17.8807241358234,28.9728205350833,0,15.2699267129338,56.4792826109467,43.0574395140389,24.6045930725822,33.4771800537634,146.472654495002,35.922826056435,28.2123674039796,90.3391847450011,55.9700528609681,10.163522212135,36.7206641351089,29.3131096253765,73.1827578385155,0,0,31.7931200214679,15.2345763530244,12.9074199714739,14.3328430192931,0,0,12.6112356103833,0,11.8186147932798,0,0,0,0,0,0,29.6276010972569,0,0,27.5937166236848,0,0,20.8580865685296,15.0288977800202,42.8760586062518,25.8952633154259,36.8967237504943,29.1269509188763,19.0863253055526,9.15733803459588,24.0688572133169,26.3068229074505,23.1744069780376,61.0204742953212,7.91753087264151,0,26.7920274472606,47.9203968311834,45.1060855574931,0,39.4863297138329,21.7463844761709,35.8496792158809,61.6391368512277,26.6769633889259,42.4003374432312,14.2245039037741,37.3984523822698,77.8654027179167,59.242944512451,13.890891663286,37.1110234443488,5.82128668159204,0,0,0,0,53.1806850523502,21.1867562512293,35.6084156387169,47.5981924201313,0,51.0577034317269,6.24773903866854,26.7318390132073,33.0884936062881,6.15510443902439,99.1772179078947,69.0975124550831,5.04460586831489,16.9511687328323,24.8730497029703,22.6176625258457,75.4664064064766,14.8656119498956,11.9902623066384,38.4027211452652,5.77227745418719,0,14.9063796502089,56.4586420476598
"FoxB_C3-ot10",23.8117558648069,47.6744904478681,42.7368556453901,0,0,86.2531034190994,23.6847918957137,3.82449294105954,20.3538000333778,0,29.6218154218702,11.9214733212779,0,0,0,0,7.05650637650389,8.43517751861361,0,0,17.1896358298017,26.1333346430238,65.8047327546197,40.0679962462462,9.7221998439834,0,17.8807241358234,28.9728205350833,0,15.2699267129338,0,0,49.2091861451644,0,36.6181636237506,95.7942028171599,21.1592755529847,0,41.9775396457261,25.4088055303374,44.0647969621307,78.1682923343374,24.3942526128385,28.3145655621302,78.871376798972,42.3908266952905,15.2345763530244,25.8148399429477,14.3328430192931,0,0,12.6112356103833,13.4574247044792,29.5465369831994,0,0,46.3543073281654,0,4.34463593482309,15.0300759774243,9.87586703241895,6.90616189882353,8.48574646770601,11.2883386187802,13.7525006053551,5.72863122690668,8.34323462741184,45.0866933400605,42.8760586062518,15.5371579892556,26.8339809094504,11.6507803675505,16.9656224938245,27.4720141037877,0,3.75811755820722,84.972825586138,20.3401580984404,7.91753087264151,43.0105751504842,10.7168109789042,28.75223809871,22.5530427787465,0,48.5985596477943,65.2391534285127,29.3315557220844,30.8195684256139,0,12.7201012329694,31.2939085883031,5.34263605460997,40.9817909041667,14.2183066829882,25.4666347160243,74.2220468886976,0,0,4.17201243883326,1.76146198959641,0,27.8565493131358,23.1128250013411,17.8042078193585,23.7990962100656,9.0672023641791,23.5650938915663,10.4128983977809,42.007175592183,13.2353974425153,9.23265665853659,76.6369411106459,35.9307064766432,4.2685126578049,16.9511687328323,29.3954223762376,27.1411950310148,63.8561900362494,14.8656119498956,7.99350820442557,0,4.32920809064039,6.3037399703539,24.8439660836816,37.1800813484589
"FoxB_C2-ot11",47.6235117296137,143.023471343604,113.964948387707,112.469319175876,23.5006628428928,0,0,11.4734788231786,8.14152001335114,0,0,0,0,0,0,8.49510340099502,0,0,0,0,14.3246965248347,30.8848500326645,0,0,14.5832997659751,16.8695268272348,0,9.65760684502776,0,0,47.0660688424556,23.9207997300216,29.5255116870987,0,61.0302727062509,71.8456521128699,21.1592755529847,47.5469393394743,13.992513215242,10.163522212135,58.7530626161742,0,0,0,0,10.5977066738226,25.390960588374,21.5123666191231,14.3328430192931,0,25.6840685750475,12.6112356103833,0,11.8186147932798,0,0,0,0,4.34463593482309,0,49.3793351620948,0,0,17.5596378514358,13.7525006053551,0,0,15.0288977800202,71.4600976770863,15.5371579892556,10.0627428410439,0,19.0863253055526,0,24.0688572133169,18.7905877910361,0,12.2040948590642,23.7525926179245,17.2042300601937,42.8672439156169,9.58407936623668,60.1414474099908,0,27.3366898018843,0,42.3678027096774,30.8195684256139,17.784642259284,21.2001687216156,14.2245039037741,40.0697704095748,40.9817909041667,40.2852022684667,13.890891663286,49.4813645924651,0,0,4.17201243883326,0,0,35.4537900349001,5.77820625033527,0,41.6484183676149,0,43.2026721345381,6.24773903866854,5.72825121711586,33.0884936062881,9.23265665853659,40.5724982350478,58.0419104622698,2.52230293415744,0,20.350677029703,9.04706501033827,34.8306491106815,24.7760199164927,10.6580109392341,15.3610884581061,7.93688149950739,9.45560995553085,14.9063796502089,17.901520649258
"Fsol3_2-40",8651.60463087983,16066.3032809316,10456.2840145721,7840.71825111819,10187.537342394,12937.9655128649,2782.96304774635,2461.06120757181,2405.81916394526,3559.08352087332,3761.97055857752,3767.18556952381,1708.74960347849,94.2002090473225,760.614316415771,1112.85854553035,448.088154907997,393.641617535302,1616.07899916118,687.453115005059,2670.12343222919,1306.66673215119,2459.45188670391,3345.67768656156,7685.39897666888,3283.93455570171,7161.23001639728,4764.41937688036,5149.05209590909,6932.54672767192,5092.5486487537,4468.40538956803,5201.41097554388,7498.88833204301,14720.5017767477,8944.78368805231,12138.3710755622,3898.84902583689,8325.545363069,6890.86805982751,10046.7737073658,6996.06216392319,15490.3504091525,13968.5190106509,11736.060867687,8944.46443270629,11283.7428854734,8123.06963538088,9173.01953234756,3799.94105750769,10504.7840471944,3594.20214895925,6399.00544697986,3598.76820455369,2643.3062010365,5187.22741742574,1436.98352717313,1798.07423792208,1233.87660548976,2149.30086477168,2612.16683007481,1294.90535602941,1120.11853373719,1194.05537389763,1425.67589608847,2033.66408555187,5552.42264454258,16090.9398898083,15092.3726294006,7079.76499043745,8965.90387137011,6250.64366719086,4056.90447883579,7509.01718836863,3153.02029494451,2001.19759974534,13356.1832216757,4796.20927961225,7149.53037799528,8954.8017463308,8964.61238385339,10853.969882263,14666.9954871115,6556.18577348921,19709.7533471586,15236.9667229704,10826.603123196,20361.4615398556,9657.06074679119,9858.07845555126,11359.688817554,5545.65622468515,17695.9373124192,6538.0513563941,4313.1218614503,15060.8903478316,366.741060940299,200.703464521277,677.952021310405,715.153567776144,566.111774137537,5984.09327517636,3441.88485644971,1430.27136148846,5887.30142496499,1142.46749788657,6833.87722855422,7674.30611916453,5966.92835116235,14082.4628788362,6404.38616880488,15295.831834613,19294.7893779574,2237.86477250553,8255.21917288935,6941.84205346535,16375.1876687123,8382.57621930401,5683.61896884342,3523.80486678427,5660.5610968121,2122.75503377734,4415.76984923291,4765.07269485013,5006.91762159247
"Fsol3_5-17",6040.24873770601,16900.6068637693,7934.80953149409,7856.78529671474,8800.99823466334,6037.71723933696,10827.8973616571,7333.46521448166,5572.87044913885,11043.1376535509,16825.1911596223,8899.37983433394,644.618113887097,439.600975554172,634.947603268817,513.953755760199,723.291903591649,388.018165856226,1529.30965692434,222.957767028668,1243.38365835565,641.454577601493,2319.61682960034,2043.46780855856,3713.88034040166,3008.39895085688,2932.43875827504,4545.5136217264,1972.15296622159,2855.47629531861,1534.35384426405,1961.50557786177,2568.71951677758,3604.37638578853,6542.4452341101,5963.1891253682,4214.22238096946,1588.06777393844,3805.96359454583,6016.8051495839,6954.89378718962,10015.312455337,8111.08899376881,9551.44678295858,7966.00905669617,7699.23389853213,7302.44026521637,7830.5014493608,20933.1172296775,19230.0047455692,16322.2255794427,13738.6800739516,18874.0381480321,21669.4302234785,2149.50174589781,5100.0471246959,1483.33783450129,1894.39964352505,1694.40801458101,1743.48881338122,1269.04891366584,231.356423610588,330.944112240534,528.043395389605,1471.51756477299,1234.52002939839,3992.23776921657,10289.7853467205,6845.87735746487,11238.5442788949,3964.72067937129,3058.32984648202,2413.35979974654,3516.41780528482,2310.61029247842,1187.56514839348,6280.2642910482,2412.34275047503,3689.56938665094,4189.23001965716,4474.26858369252,8213.55601686484,8645.33306518617,1962.92987230216,11687.9535952945,14744.0486748439,9575.1234123871,18923.2150133269,6286.87103865688,5813.086263467,17442.0866868078,15664.6089121164,34711.5768958292,30138.0707323741,13515.8375883773,32663.885801601,424.953927756219,457.603899108511,840.660506424902,668.474825051839,208.948023915387,3910.0465581347,2465.36800014305,1091.99141292065,2162.74286808972,1465.86438220896,3848.96533562249,4004.80072378654,2848.85027197895,6068.42972739324,2769.79699756098,10823.8409180389,8112.04796222676,1258.04709423668,4093.70724897901,4685.17808950495,7215.03434574477,4609.25589898018,8121.5793286263,3755.61660471261,3364.07837232524,1212.89980006108,1875.36264118029,2670.72635399577,3643.64797214897
"Fsol3_10-2",825.474203313305,1930.81686313866,2122.59716372104,1229.12898813636,2596.82324413965,1725.06206838199,394.746531595228,235.206315875161,346.014600567423,266.099702495202,503.570862171794,35.7644199638336,81.8562684301075,138.16030660274,218.263238623656,80.7034823094527,123.488861588818,30.9289842349166,65.0770066776316,46.4495347976391,174.761297602984,68.89697314979,197.414198263859,200.339981231231,821.525886816598,500.462629207967,1072.84344814941,1094.52877576981,635.3798259375,962.005382914826,498.90032973003,464.063514762419,866.081676154894,1383.72344222222,2490.03512641504,1628.50144789172,860.477205821379,399.394290451584,1140.38982704222,813.081776970797,1145.6847210154,1416.80029855986,1439.26090415747,670.111384970414,2239.94710109081,635.862400429357,1432.05017718429,1191.78511069942,1512.11493853542,230.299458030769,2195.98786316656,534.716389880254,915.104879904585,466.835284334551,609.99373870073,958.983220028288,254.94869030491,465.572793747681,160.751529588454,390.781975413032,399.972614812968,0,173.957802587973,86.5439294106479,0,166.130305580294,592.369658546241,4869.36288072654,3287.16449314597,1087.60105924789,1157.21542672005,611.665969296403,428.381967969069,512.810929937369,0,340.109639017753,1158.72034890188,630.544901051653,490.886914103774,516.12690180581,1259.22529002125,1284.26663507572,2277.8573206534,706.654754028777,2220.3466939086,2029.66255110929,1763.15240507196,1910.81324238806,1147.10942572382,1963.13562362161,1120.8909076174,678.514778935466,1823.68969523542,943.14767663822,620.459827626775,1410.21889088525,46.5702934527363,120.422078712766,0,78.3850585370404,14.4600708591963,678.686837810945,493.07360002861,118.694718795723,583.077857146608,169.254444131343,679.460207206827,812.206075026911,297.869063290025,1310.30434680901,455.477728487805,1753.63353482596,2661.6361797698,259.215132310334,923.838695939363,807.243522178218,1379.67741407659,470.2137629942,500.475602313152,379.691639710214,1144.4010901289,290.77847675468,529.514157509728,339.120137042254,523.27521897831
"Fsol3_9-2",325.42733015236,286.046942687209,755.017783068558,795.318757029406,47.0013256857855,258.759310257298,59.2119797392841,40.1571758811251,0,0,0,220.547256443641,61.3922013225806,0,39.6842252043011,0,0,0,43.3846711184211,18.5798139190556,57.2987860993389,64.1454577601493,106.932690726257,0,184.721797035685,258.666078017601,259.27049996944,96.5760684502776,0,564.987288378549,65.8924963794379,320.538716382289,216.520419038724,0,695.745108851261,0,158.694566647385,152.150205886318,188.898928405767,147.371072075957,301.109445907893,361.52835204631,500.08217856319,273.707467100592,836.036594069103,582.873867060244,472.271866943757,159.191512981511,121.829165663991,460.598916061538,770.522057251425,58.0116838077634,154.760384101511,147.732684915997,0,0,0,0,0,0,158.013872518703,0,0,16.3053780049047,0,85.9294684036002,1702.01986399202,521.001789707366,514.512703275022,290.026949132771,362.25874227758,122.333193859281,220.553092419719,531.125606006561,361.032858199753,122.138820641735,115.872034890188,73.2245691543854,134.598024834906,326.88037114368,423.314033666717,407.323373065059,240.565789639963,274.810182122302,1843.7078566382,645.142739459737,804.988251483871,801.308779065961,0,780.166208955455,389.751406963411,61.4403146280147,385.228834499167,172.989397976357,0,581.406033961465,0,0,41.7201243883326,26.4219298439462,13.0140637732767,344.408246053316,294.688518767099,94.9557750365785,279.639380468271,0,498.794487371486,64.5599700662416,177.575787730592,0,264.669490878049,482.361923461124,240.459343343689,61.5053869329161,279.694284091734,187.678465940594,361.882600413531,145.12770462784,0,118.570371698979,0,44.0136155881773,179.656589155086,62.1099152092039,72.9831226469749
"Fsol3_ot1",119.058779324034,691.280111494088,156.701804033097,281.173297939689,352.509942643392,57.5020689460663,276.322572116659,328.90639293112,118.052040193591,66.5249256238004,414.705415906183,154.979153176612,20.4640671075269,12.5600278729763,0,8.49510340099502,0,5.62345167907574,21.6923355592105,46.4495347976391,25.7844537447025,9.50303077928138,16.4511831886549,40.0679962462462,243.054996099585,118.086687790644,107.284344814941,206.028946027259,74.2651744602273,30.5398534258675,65.8924963794379,81.3307190820734,98.4183722903289,189.70402030466,195.296872660003,299.356883803625,426.712056985192,80.8297968771063,111.940105721936,238.842771985172,433.303836794285,302.902132795557,231.745399821966,273.707467100592,173.517028957738,222.551840150275,319.926103413513,141.981619686212,386.986761520913,230.299458030769,359.576960050665,244.657970841437,282.605918794063,118.186147932798,0,0,0,0,8.68927186964618,30.0601519548486,0,0,0,0,0,0,66.7458770192947,556.069217860747,214.380293031259,336.638423100537,184.483618752471,34.9523411026516,74.2245984104822,18.3146760691918,0,37.5811755820722,231.744069780376,65.0885059150093,150.433086580189,94.6232653310652,150.035353704659,397.739293698822,240.565789639963,0,492.060416433917,376.937330920296,407.382718362283,534.20585271064,80.0308901667779,271.36215963668,514.927041316623,280.488392867024,1360.59545801833,556.88367841704,407.466155456389,779.331492331325,0,0,4.17201243883326,5.28438596878924,1.44600708591963,58.2455122001931,26.9649625015646,0,56.5228534989059,36.2688094567164,117.825469457831,68.725129425354,61.1013463159025,105.883179540122,33.8530744146341,329.088041239833,536.196696651445,105.936723234613,67.8046749313294,108.536944158416,312.12374285667,110.297055517158,128.835303565762,102.583355290128,46.0832653743183,45.4566849517241,40.9743098073004,119.251037201672,86.7535231464041
"Fsol3_8-3",325.42733015236,500.582149702616,213.68427822695,184.771024360367,188.005302743142,1035.03724102919,134.213820742377,179.751168229798,195.396480320427,565.461867802303,187.604831005178,89.4110499095841,0,0,99.2105630107527,0,67.036810576787,50.6110651116816,162.692516694079,18.5798139190556,0,0,74.0303243489471,0,218.749496489627,61.854931699861,17.8807241358234,0,0,305.398534258675,84.7189239164201,28.7049596760259,216.520419038724,44.6362400716846,195.296872660003,23.94855070429,42.3185511059695,28.5281636036846,0,157.534594288092,190.947453502566,449.46768092244,207.351147209127,273.707467100592,63.0971014391776,74.1839467167584,421.489945767009,413.037439087163,179.160537741163,230.299458030769,385.261028625712,534.716389880254,800.716769916512,543.656280490869,0,435.901463649222,0,0,69.5141749571695,127.755645808107,34.5655346134663,27.6246475952941,0,0,0,17.18589368072,141.834988666001,185.356405953582,0,56.9695792939371,103.98167602412,0,65.74178716357,228.933450864897,96.2754288532676,37.5811755820722,54.0736162820879,65.0885059150093,277.113580542453,34.4084601203873,283.995490940962,325.858698452047,368.366365386193,0,221.730928393062,210.215049936319,488.859262034739,431.473957958594,248.984991629976,38.1603036989081,566.13525537021,368.641887768088,872.91214625875,654.042107417459,270.872387434077,816.442515775674,23.2851467263682,0,0,21.137543875157,8.6760425155178,5.06482714784288,59.7081312534645,0,80.3219497089716,72.5376189134328,137.463047700803,72.8902887844663,131.749777993665,0,538.571638414634,112.701383986244,270.862248823926,33.5660313545567,347.498959023063,144.715925544554,104.04124761889,0,109.014487632568,70.6093224724258,192.013605726326,8.65841618128079,126.074799407078,31.054957604602,125.310644544806
"Fsol3_ot2",31.7490078197425,286.046942687209,0,136.569887570706,164.504639900249,258.759310257298,75.0018410030932,89.8755841148991,69.2029201134847,66.5249256238004,207.352707953092,65.5681032670283,0,0,0,0,0,0,21.6923355592105,0,25.7844537447025,16.6303038637424,16.4511831886549,0,53.4720991419087,33.7390536544697,89.4036206791172,35.4112250984351,0,61.079706851735,37.6528550739645,28.7049596760259,63.9719419887138,22.3181200358423,109.854490871252,71.8456521128699,141.061837019898,28.5281636036846,76.9588226838311,81.3081776970797,161.570922194479,97.7103654179217,121.971263064193,94.3818852071006,173.517028957738,52.9885333691131,132.032995059545,116.166779743265,150.494851702577,230.299458030769,205.47254860038,105.93437912722,87.4732605791148,106.367533139518,0,0,46.3543073281654,0,0,0,9.87586703241895,0,0,2.50851969306226,0,11.4572624538134,45.8877904507651,260.500894853683,28.5840390708345,155.371579892556,80.5019427283511,34.9523411026516,27.5691365524648,0,0,3.75811755820722,54.0736162820879,16.2721264787523,31.670123490566,51.612690180581,91.092893320686,143.76119049355,97.729852041235,0,188.319418635203,195.717460285538,114.067161141439,205.463789504092,53.3539267778519,38.1603036989081,130.865435914722,96.1674489829795,688.49408719,279.626698098769,141.224065243408,321.628869851023,0,0,4.17201243883326,3.52292397919283,0,22.7917221652929,7.70427500044703,0,29.7488702625821,0,7.85503129718876,24.9909561546742,24.8224219408354,13.2353974425153,27.6979699756098,121.717494705144,171.361830888606,41.3269634596566,16.9511687328323,31.6566087128713,208.08249523778,87.0766227767037,39.6416318663883,53.2900546961705,30.7221769162122,14.430693635468,28.3668298665925,37.2659491255224,63.3438422973744
"Fsol3_ot3",119.058779324034,452.907659254747,156.701804033097,249.039206746582,141.003977057357,57.5020689460663,75.0018410030932,137.681745878143,85.4859601401869,0,187.604831005178,65.5681032670283,0,0,0,0,0,0,0,0,5.72987860993389,0,0,0,77.7775987518672,33.7390536544697,35.7614482716469,57.9456410701666,0,91.6195602776025,84.7189239164201,19.1366397840173,54.1301047596809,44.6362400716846,170.884763577503,71.8456521128699,176.327296274873,19.0187757357897,76.9588226838311,157.534594288092,161.570922194479,117.252438501506,24.3942526128385,141.572827810651,268.162681116505,95.3793600644036,101.563842353496,98.9568864479662,100.329901135051,0,179.788480025332,85.7564021506068,100.930685283594,94.5489183462381,0,87.1802927298444,0,0,0,15.0300759774243,9.87586703241895,6.90616189882353,0,2.50851969306226,9.16833373690338,0,37.5445558233533,215.414201513623,57.1680781416691,108.760105924789,36.8967237504943,23.3015607351011,21.2070281172806,18.3146760691918,0,16.9115290119325,84.972825586138,36.6122845771927,63.3402469811321,34.4084601203873,80.3760823417818,215.641785740325,67.6591283362396,0,148.83308892137,195.717460285538,189.025581320099,246.556547404911,35.5692845185679,110.240877352401,159.31444372227,138.908537419859,504.07602812125,248.820366952294,208.36337494929,284.517846406674,0,0,12.5160373164998,0,1.44600708591963,43.0510307566644,15.4085500008941,0,29.7488702625821,0,19.6375782429719,35.4038545524551,21.0035877960915,66.1769872125763,33.8530744146341,198.354435815789,160.306228895793,37.8345440123616,33.9023374656647,42.9625403960396,153.800105175751,46.4408654809087,29.7312238997912,53.2900546961705,15.3610884581061,12.9876242719212,34.6705698369465,44.7191389506268,37.1800813484589
"Fsol3_18-1",0,95.3489808957363,185.193041130024,80.3352279827683,23.5006628428928,258.759310257298,7.89493063190455,7.64898588211907,16.2830400267023,0,19.7478769479135,11.9214733212779,0,0,0,0,0,0,0,0,5.72987860993389,9.50303077928138,0,40.0679962462462,68.0553989078838,84.3476341361742,53.6421724074703,16.0960114083796,0,30.5398534258675,84.7189239164201,28.7049596760259,54.1301047596809,167.385900268817,61.0302727062509,179.614130282175,49.3716429569644,9.50938786789485,97.9475925066941,177.861638712362,124.85025805937,0,0,18.8763770414201,0,74.1839467167584,142.189379294894,51.6296798858954,121.829165663991,230.299458030769,102.73627430019,95.8453906389134,0,159.551299709277,0,0,0,0,17.3785437392924,0,0,0,0,40.1363150889961,9.16833373690338,65.8792591094268,37.5445558233533,120.231182240161,114.336156283338,0,80.5019427283511,93.2062429404043,114.517951833315,173.989422657322,0,31.9439992447614,54.0736162820879,154.585201548147,118.762963089623,129.031725451453,10.7168109789042,81.4646746130118,15.0353618524977,0,309.815817754689,72.487948253903,202.061828307692,328.742063206548,400.154450833889,63.6005061648468,130.865435914722,21.3705442184399,192.614417249583,78.2006867564354,9.26059444219067,129.888582055221,0,0,64.6661928019155,1.76146198959641,1.44600708591963,10.1296542956858,86.673093755029,0,208.242091838074,0,27.4926095401606,64.5599700662416,87.8331853291098,377.208827111685,6.15510443902439,234.418878691388,105.028218931726,24.4469361310644,177.98727169474,97.2310124752475,9.04706501033827,34.8306491106815,19.8208159331942,55.954557430979,145.930340352008,14.430693635468,81.9486196146007,57.1411219924676,70.229042547089
"Finc_12-2",126.99603127897,476.744904478681,1096.91262823168,425.776708308672,35.2509942643391,948.784137610094,1085.55296188688,378.624801164894,1168.30812191589,199.574776871401,473.949046749924,190.743573140446,347.889140827957,188.400418094645,0,203.882481623881,91.7345828945506,11.2469033581515,618.2315634375,204.377953109612,1509.82301371758,182.933342501167,773.205609866781,1302.209878003,1006.24768385228,804.114112098194,706.288603365026,289.728205350833,387.829244403409,839.845969211356,160.024634064349,258.344637084233,482.250024222611,223.181200358423,1318.25389045502,2071.54963592108,454.924424389172,123.622042282633,454.756679495366,696.201271531245,793.166345318352,1084.58505613893,1085.54424127131,0,504.776811513421,328.528906888501,721.103280709822,245.240979458003,71.6642150964653,460.598916061538,821.89019440152,408.604033776421,1574.51869042407,354.558443798393,1161.89283562044,1569.2452691372,0,32.1084685343228,112.9605343054,225.451139661365,83.9448697755611,131.217076077647,288.515379902004,456.550584137331,421.743351897555,137.48714944576,246.125421508649,435.838035620585,343.008468850014,398.787055057559,1244.42586467576,133.983974226831,146.328494009236,467.02423976439,625.790287546239,298.770345877474,1375.01481403023,536.980173798827,609.649877193396,748.384007618425,519.765332476855,1087.79300806786,2180.12746861217,392.585974460432,419.162576962226,898.850558348398,237.911507523573,513.659473760231,524.646946648877,237.441889682095,1163.56441932872,689.200051044686,1733.52975524625,990.542032248181,1118.21677889452,1094.77519160829,244.494040626866,0,93.8702798737484,70.4584795838565,0.723003542959817,248.176530244301,531.594975030845,421.366251724817,77.3470626827133,607.5025584,895.473567879518,541.470716684607,515.542609540427,542.651295143125,486.253250682927,1433.56160430502,2108.85608012914,142.413104128582,220.36519352682,895.429789306931,2374.8545652138,1364.20042350169,1209.06977192484,442.307453978215,1075.27619206743,145.750005718227,305.731388562164,270.799230312129,749.10978716895
"Finc_13-2",0,500.582149702616,213.68427822695,482.01136789661,399.511268329177,316.261379203365,1981.62758860804,690.320975861246,36.6368400600801,765.036644673704,523.318739119708,619.91661270645,173.944570413979,238.64052958655,0,4.24755170049751,98.7910892710545,78.7283235070603,227.769523371711,148.638511352445,2254.70723300898,199.563646364909,534.663453631285,621.053941816817,486.10999219917,444.230873117184,62.582534475382,45.0688319434629,140.278662869318,0,188.264275369822,267.912956976242,186.994907351625,0,964.278308758765,1005.83912958018,289.176765890791,337.583269310267,524.719245571576,747.01888259192,690.348485740047,1934.66523527485,524.476431176028,113.258262248521,567.873912952599,333.827760225413,558.601132944228,206.518719543582,537.48161322349,345.449187046154,719.15392010133,237.091229475207,672.87123522396,330.921214211834,0,174.360585459689,0,305.030451076067,0,420.842127367881,187.64147361596,162.294804622353,97.5860843786191,156.782480816391,834.318370058207,94.5224152439602,225.26733494012,455.876565993946,957.565308872957,445.398529025326,328.716266140767,110.68241349173,197.22536149071,128.202732484342,0,152.203761107392,200.844860476326,203.401580984404,269.196049669811,516.12690180581,380.4467897511,1135.71340489905,2195.16283046466,157.034389784173,230.843158327023,413.181305047247,443.232397578164,10.2731894752046,248.984991629976,139.921113562663,955.886662333622,651.801598662417,1618.78074071458,952.626547760213,738.532406764706,1187.55275021916,133.889593676617,0,0,153.247193094888,30.3661488043123,230.449635226851,410.252643773804,1821.96393351435,0,1057.8402758209,479.156909128514,485.24106533659,234.85829990175,1138.24418005631,144.644954317073,1870.84297417165,1462.10336354956,134.652172023482,288.16986845815,807.243522178218,1013.27128115789,568.900602141131,708.594169611691,865.96338881277,1190.48435550322,109.673271629557,784.815626309061,281.979015049786,488.849217729737
"Finc_22-1",0,0,0,72.3017051844915,152.754308478803,0,130.266355426425,346.116611165888,187.254960307076,432.412016554703,414.705415906183,435.133776226643,0,326.560724697385,0,80.7034823094527,0,0,130.154013355263,37.1596278381113,312.278384241397,28.5090923378441,180.963015075204,0,233.332796255602,320.521009717462,634.765706821732,193.152136900555,0,0,0,258.344637084233,433.040838077447,0,109.854490871252,610.688042959394,91.6901940629338,213.961227027634,118.936362329557,279.496860833712,521.433430718546,654.659448300075,524.476431176028,0,299.711231836094,222.551840150275,248.831413766065,0,214.992645289396,0,487.997302925902,105.93437912722,134.574247044792,797.756498546384,0,0,324.480151297158,0,0,0,118.510404389027,0,72.1288449755011,279.699945776442,73.346669895227,0,0,305.587588193744,771.769054912532,264.131685817345,248.214323412416,0,265.087851466008,375.450859418431,120.344286066584,0,401.689720952653,0,356.288889268868,498.922671745616,294.712301919866,450.451730213124,308.224917976203,353.327377014389,413.087757006252,0,404.123656615385,339.015252681753,871.447470704914,0,372.682002278882,138.908537419859,590.13778902,0,231.514861054767,154.629264351453,186.281173810945,128.450217293617,0,96.8804094278027,0,0,469.960775027269,445.105195483962,0,843.249819868657,290.636157995984,0,576.64395585633,1436.0406225129,144.644954317073,554.490809212321,983.948577360383,22.700726407417,161.036102961907,624.087428910891,524.72977059962,197.373678293862,812.65345326096,178.521683232171,322.582857620228,28.861387270936,167.049109214378,49.6879321673631,269.899849788813
"Finc_ot1",0,71.5117356718022,0,249.039206746582,0,0,0,229.469576463572,289.023960473965,0,0,107.293259891501,0,56.5201254283935,119.052675612903,0,0,0,0,37.1596278381113,203.410690652653,0,0,0,583.331990639004,477.969926771654,384.435568920204,54.7264387884907,0,0,0,14.352479838013,211.599500424207,0,634.71483614501,95.7942028171599,31.7389133294771,237.734696697371,118.936362329557,396.377366273264,95.4737267512831,889.164325303087,195.154020902708,0,63.0971014391776,137.770186759694,81.2510738827968,0,0,0,565.049508651045,118.545614737603,208.590082919428,147.732684915997,0,0,0,0,0,278.05640558235,93.8207368079801,0,72.1288449755011,67.730031712681,0,0,0,150.288977800202,242.964332102094,0,392.446970800712,0,44.5347590462893,73.2587042767671,0,129.655055758149,293.542488388477,142.381106689083,356.288889268868,344.084601203873,262.561868983154,546.292523875491,248.083470566212,392.585974460432,0,0,81.4765436724566,688.30369483871,97.8155324260618,76.3206073978162,0,0,561.450535387083,123.225324585898,0,0,256.13661399005,0,0,34.34850879713,23.1361133747141,0,73.1906125042468,183.976814133371,95.1963848402626,377.800098507463,117.825469457831,0,208.126460888543,0,135.412297658537,396.708871631579,356.543164268229,41.9090333675391,0,302.998969108911,1447.53040165412,174.153245553407,455.878766463466,205.166710580256,145.930340352008,0,63.037399703539,0,184.523366692352
"FfujAs_",0,0,0,0,0,0,0,0,0,0,0,0,0,0,0,0,0,0,0,0,0,0,0,0,0,0,0,0,0,0,0,0,0,0,0,0,0,0,0,0,0,0,0,0,220.839855037122,0,0,0,0,0,0,0,0,0,0,0,0,0,0,0,0,0,0,0,0,0,0,0,0,0,0,0,0,0,0,0,0,0,0,0,0,0,0,0,0,0,0,0,0,0,0,0,0,0,0,0,0,0,0,0,0,0,0,0,0,0,0,0,0,0,0,0,0,0,0,0,0,0,0,0,0,0,0,0,0
"FsamD_",0,23.8372452239341,0,0,0,0,63.1594450552364,65.0163799980121,0,0,464.075108275967,0,0,37.680083618929,112.438638078853,0,0,0,43.3846711184211,18.5798139190556,11.4597572198678,45.1393962015866,0,0,0,320.521009717462,232.449413765705,0,0,0,0,38.2732795680346,0,200.863080322581,0,0,31.7389133294771,0,34.981283038105,243.924533091239,117.506125232348,361.52835204631,146.365515677031,0,0,143.069040096605,0,0,0,0,0,0,0,0,0,0,0,0,86.8927186964618,0,0,0,0,112.883386187802,0,0,79.2607289604125,120.231182240161,0,62.1486319570223,73.7934475009885,0,0,201.461436761109,72.2065716399507,43.218351919383,254.918476758414,0,0,318.278256113583,0,368.987055600112,458.57853650118,0,0,0,0,0,0,0,0,0,0,142.183066829882,34.727229158215,0,0,0,0,42.2750877503139,0,0,0,0,199.3174307593,0,267.071064104418,70.8077091049102,0,529.41589770061,0,108.193328626794,74.6253134514897,11.6413981576497,127.133765496243,228.37982,122.135377639567,290.255409255679,0,117.238120331575,0,27.4183179073892,0,0,136.326964944349
"Ftri_",0,0,0,0,0,0,0,0,0,0,0,0,0,0,0,0,77.6215701415428,0,0,0,0,0,0,0,0,0,0,0,0,0,0,0,54.1301047596809,0,0,0,0,0,0,0,0,0,0,0,0,0,0,0,0,0,0,0,0,0,0,0,0,0,0,0,0,0,0,0,0,0,0,0,0,0,0,0,0,0,0,0,0,89.4966956331378,0,0,0,0,0,0,0,0,0,0,0,76.3206073978162,0,0,0,0,0,0,0,0,0,0,0,0,0,0,0,0,0,0,0,0,0,0,0,0,0,0,0,0,153.611323482255,0,0,26.6967832256158,0,0,0
